Number,Consent Form,AI name,Suggestion place,Overall confidence,Overall Question,Ranking A_1,Ranking A_2,Ranking A_3,Ranking A_4,Chain A confidence,Chain A choices,Ranking A-1_2,Ranking A-1_3,Ranking A-1_4,Ranking A-1_5,A-1 confidence,Chain A-1 choices,Ranking A-1-1_2,Ranking A-1-1_3,Ranking A-1-1_4,Ranking A-1-1_5,A-1-1 confidence,Chain A-1-1 choices,Ranking A-1-1-1_1,Ranking A-1-1-1_2,Ranking A-1-1-1_3,Ranking A-1-1-1_4,A-1-1-1 confidence,Chain A-1-1-1 final,Ranking A-1-1-1 F_1,Ranking A-1-1-1 F_2,Ranking A-1-1-1 F_3,Ranking A-1-1-1 F_4,Ranking A-1-1-1 A_1,Ranking A-1-1-1 A_2,Ranking A-1-1-2_1,Ranking A-1-1-2_2,Ranking A-1-1-2_3,Ranking A-1-1-2_4,A-1-1-2 confidence,Chain A-1-1-2 final,Ranking A-1-1-2 F_1,Ranking A-1-1-2 F_2,Ranking A-1-1-2 F_3,Ranking A-1-1-2 F_4,Ranking A-1-1-2 A_1,Ranking A-1-1-2 A_2,Ranking A-1-1-3_1,Ranking A-1-1-3_2,Ranking A-1-1-3_3,Ranking A-1-1-3_4,A-1-1-3 confidence,Chain A-1-1-3 final,Ranking A-1-1-3 F_1,Ranking A-1-1-3 F_2,Ranking A-1-1-3 F_3,Ranking A-1-1-3 F_4,Ranking A-1-1-3 A_1,Ranking A-1-1-3 A_2,Ranking A-1-2_1,Ranking A-1-2_2,Ranking A-1-2_3,Ranking A-1-2_4,A-1-2 confidence,Chain A-1-2 choices,Ranking A-1-2-1_1,Ranking A-1-2-1_2,Ranking A-1-2-1_3,Ranking A-1-2-1_4,A-1-2-1 confidence,Q229,Ranking A-1-2-1 F_1,Ranking A-1-2-1 F_2,Ranking A-1-2-1 F_3,Ranking A-1-2-1 F_4,Ranking A-1-2-1 A_1,Ranking A-1-2-1 A_2,Ranking A-1-2-2_1,Ranking A-1-2-2_2,Ranking A-1-2-2_3,Ranking A-1-2-2_4,A-1-2-2 confidence,Q242,Ranking A-1-2-2 F_1,Ranking A-1-2-2 F_2,Ranking A-1-2-2 F_3,Ranking A-1-2-2 F_4,Ranking A-1-2-2 A_1,Ranking A-1-2-2 A_2,Ranking A-1-2-3_1,Ranking A-1-2-3_2,Ranking A-1-2-3_3,Ranking A-1-2-3_4,A-1-2-3 confidence,Q248,Ranking A-1-2-3 F_1,Ranking A-1-2-3 F_2,Ranking A-1-2-3 F_3,Ranking A-1-2-3 F_4,Ranking A-1-2-3 A_1,Ranking A-1-2-3 A_2,Ranking A-1-3_1,Ranking A-1-3_2,Ranking A-1-3_3,Ranking A-1-3_4,A-1-3 confidence,Chain A-1-3 choices,Ranking A-1-3-1_1,Ranking A-1-3-1_2,Ranking A-1-3-1_3,Ranking A-1-3-1_4,Q267,Ranking A-1-3-1 A_2,Ranking A-1-3-1 A_3,Ranking A-1-3-1 A_4,Ranking A-1-3-1 A_5,Ranking A-1-3-2_1,Ranking A-1-3-2_2,Ranking A-1-3-2_3,Ranking A-1-3-2_4,Q272,Ranking A-1-3-2 A_2,Ranking A-1-3-2 A_3,Ranking A-1-3-2 A_4,Ranking A-1-3-2 A_5,Ranking A-1-3-3_1,Ranking A-1-3-3_2,Ranking A-1-3-3_3,Ranking A-1-3-3_4,Q274,Ranking A-1-3-3 A_1,Ranking A-1-3-3 A_2,Ranking A-1-3-3 A_3,Ranking A-1-3-3 A_4,Ranking A-2_1,Ranking A-2_2,Ranking A-2_3,Ranking A-2_5,A-2 confidence,Chain A-2 choices,Ranking A-2-1_1,Ranking A-2-1_2,Ranking A-2-1_3,Ranking A-2-1_4,A-2-1 confidence,Chain A-2-1 choices,Ranking A-2-1-1_1,Ranking A-2-1-1_2,Ranking A-2-1-1_3,Ranking A-2-1-1_4,A-2-1-1 confidence,Q324,Ranking A-2-1-1 F_1,Ranking A-2-1-1 F_2,Ranking A-2-1-1 F_3,Ranking A-2-1-1 F_4,Ranking A-2-1-1 A_1,Ranking A-2-1-1 A_2,Ranking A-2-1-2_1,Ranking A-2-1-2_2,Ranking A-2-1-2_3,Ranking A-2-1-2_4,A-2-1-2 confidence,Q332,Ranking A-2-1-2 F_1,Ranking A-2-1-2 F_2,Ranking A-2-1-2 F_3,Ranking A-2-1-2 F_4,Ranking A-2-1-2 A_1,Ranking A-2-1-2 A_2,Ranking A-2-1-3_1,Ranking A-2-1-3_2,Ranking A-2-1-3_3,Ranking A-2-1-3_4,A-2-1-3 confidence,Q340,Ranking A-2-1-3 F_1,Ranking A-2-1-3 F_2,Ranking A-2-1-3 F_3,Ranking A-2-1-3 F_4,Ranking A-2-1-3 A_1,Ranking A-2-1-3 A_2,Ranking A-2-2_1,Ranking A-2-2_2,Ranking A-2-2_3,Ranking A-2-2_4,A-2-2 confidence,Chain A-2-2 choices,Ranking A-2-2-1_1,Ranking A-2-2-1_2,Ranking A-2-2-1_3,Ranking A-2-2-1_4,Q352,Ranking A-2-2-1 A_1,Ranking A-2-2-1 A_2,Ranking A-2-2-1 A_3,Ranking A-2-2-1 A_4,Ranking A-2-2-2_1,Ranking A-2-2-2_2,Ranking A-2-2-2_3,Ranking A-2-2-2_4,Q358,Ranking A-2-2-2 A_1,Ranking A-2-2-2 A_2,Ranking A-2-2-2 A_3,Ranking A-2-2-2 A_4,Ranking A-2-2-3_1,Ranking A-2-2-3_2,Ranking A-2-2-3_3,Ranking A-2-2-3_4,A-2-2-3 confidence,Q365,Ranking A-2-2-3 F_1,Ranking A-2-2-3 F_2,Ranking A-2-2-3 F_3,Ranking A-2-2-3 F_5,Ranking A-2-2-3 A_1,Ranking A-2-2-3 A_2,Ranking A-2-3_1,Ranking A-2-3_2,Ranking A-2-3_3,Ranking A-2-3_4,A-2-3 confidence,Chain A-2-3 choices,Ranking A-2-3-1_1,Ranking A-2-3-1_2,Ranking A-2-3-1_3,Ranking A-2-3-1_4,Q2,Ranking A-2-3-1 A_1,Ranking A-2-3-1 A_2,Ranking A-2-3-1 A_3,Ranking A-2-3-1 A_4,Ranking A-2-3-2_1,Ranking A-2-3-2_2,Ranking A-2-3-2_3,Ranking A-2-3-2_4,Q2.1,Ranking A-2-3-2 A_1,Ranking A-2-3-2 A_2,Ranking A-2-3-2 A_3,Ranking A-2-3-2 A_4,Ranking A-2-3-3_1,Ranking A-2-3-3_2,Ranking A-2-3-3_3,Ranking A-2-3-3_4,Q2.2,Ranking A-2-3-3 A_1,Ranking A-2-3-3 A_2,Ranking A-2-3-3 A_3,Ranking A-2-3-3 A_4,Ranking A-3_1,Ranking A-3_2,Ranking A-3_3,Ranking A-3_4,A-3 confidence,Chain A-3 choices,Ranking A-3-1_1,Ranking A-3-1_2,Ranking A-3-1_3,Ranking A-3-1_4,A-3-1 confidence,Chain A-3-1 choices,Ranking A-3-1-1_1,Ranking A-3-1-1_2,Ranking A-3-1-1_3,Ranking A-3-1-1_4,A-3-1-1 confidence,Q3,Ranking A-3-1-1 F_1,Ranking A-3-1-1 F_2,Ranking A-3-1-1 F_3,Ranking A-3-1-1 F_4,Ranking A-3-1-1 A_1,Ranking A-3-1-1 A_2,Ranking A-3-1-2_1,Ranking A-3-1-2_2,Ranking A-3-1-2_3,Ranking A-3-1-2_4,A-3-1-2 confidence,Chain A-3-1-2 final,Ranking A-3-1-2 F_1,Ranking A-3-1-2 F_2,Ranking A-3-1-2 F_3,Ranking A-3-1-2 F_4,Ranking A-3-1-2 A_1,Ranking A-3-1-2 A_2,Ranking A-3-1-3_1,Ranking A-3-1-3_2,Ranking A-3-1-3_3,Ranking A-3-1-3_4,A-3-1-3 confidence,Q3.1,Ranking A-3-1-3 F_1,Ranking A-3-1-3 F_2,Ranking A-3-1-3 F_3,Ranking A-3-1-3 F_4,Ranking A-3-1-3 A_1,Ranking A-3-1-3 A_2,Ranking A-3-2_1,Ranking A-3-2_2,Ranking A-3-2_3,Ranking A-3-2_4,A-3-2 confidence,Chain A-3-2 choices,Ranking A-3-2-1_1,Ranking A-3-2-1_2,Ranking A-3-2-1_3,Ranking A-3-2-1_4,Q2.3,Ranking A-3-2-1 A_1,Ranking A-3-2-1 A_2,Ranking A-3-2-1 A_3,Ranking A-3-2-1 A_4,Ranking A-3-2-2_1,Ranking A-3-2-2_2,Ranking A-3-2-2_3,Ranking A-3-2-2_4,Q2.4,Ranking A-3-2-2 A_1,Ranking A-3-2-2 A_2,Ranking A-3-2-2 A_3,Ranking A-3-2-2 A_4,Ranking A-3-2-3_1,Ranking A-3-2-3_2,Ranking A-3-2-3_3,Ranking A-3-2-3_4,A-3-2-3 confidence,Q3.2,Ranking A-3-2-3 F_1,Ranking A-3-2-3 F_2,Ranking A-3-2-3 F_3,Ranking A-3-2-3 F_4,Ranking A-3-2-3 A_1,Ranking A-3-2-3 A_2,Ranking A-3-3_1,Ranking A-3-3_2,Ranking A-3-3_3,Ranking A-3-3_4,A-3-3 confidence,Chain A-3-3 choices,Ranking A-3-3-1_1,Ranking A-3-3-1_2,Ranking A-3-3-1_3,Ranking A-3-3-1_4,Q2.5,Ranking A-3-3-1 A_2,Ranking A-3-3-1 A_3,Ranking A-3-3-1 A_4,Ranking A-3-3-1 A_5,Ranking A-3-3-2_1,Ranking A-3-3-2_2,Ranking A-3-3-2_3,Ranking A-3-3-2_4,Q2.6,Ranking A-3-3-2 A_1,Ranking A-3-3-2 A_2,Ranking A-3-3-2 A_3,Ranking A-3-3-2 A_4,Ranking A-3-3-3_1,Ranking A-3-3-3_2,Ranking A-3-3-3_3,Ranking A-3-3-3_4,Q2.7,Ranking A-3-3-3 A_1,Ranking A-3-3-3 A_2,Ranking A-3-3-3 A_3,Ranking A-3-3-3 A_4,Ranking B_1,Ranking B_2,Ranking B_3,Ranking B_4,Chain B confidence,Chain B choices,Ranking B-1_2,Ranking B-1_3,Ranking B-1_4,Ranking B-1_5,B-1 confidence,Chain B-1 choices,Ranking B-1-1_2,Ranking B-1-1_3,Ranking B-1-1_4,Ranking B-1-1_5,B-1-1 confidence,Chain B-1-1 choices,Ranking B-1-1-1_1,Ranking B-1-1-1_2,Ranking B-1-1-1_3,Ranking B-1-1-1_4,B-1-1-1 confidence,Q3.3,Ranking B-1-1-1 F_1,Ranking B-1-1-1 F_2,Ranking B-1-1-1 F_3,Ranking B-1-1-1 F_5,Ranking B-1-1-1 A_1,Ranking B-1-1-1 A_2,Ranking B-1-1-2_1,Ranking B-1-1-2_2,Ranking B-1-1-2_3,Ranking B-1-1-2_4,B-1-1-2 confidence,Q3.4,Ranking B-1-1-2 F_1,Ranking B-1-1-2 F_2,Ranking B-1-1-2 F_3,Ranking B-1-1-2 F_4,Ranking B-1-1-2 A_1,Ranking B-1-1-2 A_2,Ranking B-1-1-3_1,Ranking B-1-1-3_2,Ranking B-1-1-3_3,Ranking B-1-1-3_4,B-1-1-3 confidence,Q3.5,Ranking B-1-1-3 F_1,Ranking B-1-1-3 F_2,Ranking B-1-1-3 F_3,Ranking B-1-1-3 F_4,Ranking B-1-1-3 A_1,Ranking B-1-1-3 A_2,Ranking B-1-2_1,Ranking B-1-2_2,Ranking B-1-2_3,Ranking B-1-2_4,B-1-2 confidence,Chain B-1-2 choices,Ranking B-1-2-1_1,Ranking B-1-2-1_2,Ranking B-1-2-1_3,Ranking B-1-2-1_4,B-1-2-1 confidence,Q3.6,Ranking B-1-2-1 F_1,Ranking B-1-2-1 F_2,Ranking B-1-2-1 F_3,Ranking B-1-2-1 F_4,Ranking B-1-2-1 A_1,Ranking B-1-2-1 A_2,Ranking B-1-2-2_1,Ranking B-1-2-2_2,Ranking B-1-2-2_3,Ranking B-1-2-2_4,B-1-2-2 confidence,Q3.7,Ranking B-1-2-2 F_1,Ranking B-1-2-2 F_2,Ranking B-1-2-2 F_3,Ranking B-1-2-2 F_4,Ranking B-1-2-2 A_1,Ranking B-1-2-2 A_2,Ranking B-1-2-3_1,Ranking B-1-2-3_2,Ranking B-1-2-3_3,Ranking B-1-2-3_4,B-1-2-3 confidence,Q3.8,Ranking B-1-2-3 F_1,Ranking B-1-2-3 F_2,Ranking B-1-2-3 F_3,Ranking B-1-2-3 F_4,Ranking B-1-2-3 A_1,Ranking B-1-2-3 A_2,Ranking B-1-3_1,Ranking B-1-3_2,Ranking B-1-3_3,Ranking B-1-3_4,B-1-3 confidence,Chain B-1-3 choices,Ranking B-1-3-1_1,Ranking B-1-3-1_2,Ranking B-1-3-1_3,Ranking B-1-3-1_4,Q2.8,Ranking B-1-3-1 A_2,Ranking B-1-3-1 A_3,Ranking B-1-3-1 A_4,Ranking B-1-3-1 A_5,Ranking B-1-3-2_1,Ranking B-1-3-2_2,Ranking B-1-3-2_3,Ranking B-1-3-2_5,Q2.9,Ranking B-1-3-2 A_2,Ranking B-1-3-2 A_3,Ranking B-1-3-2 A_4,Ranking B-1-3-2 A_5,Ranking B-1-3-3_1,Ranking B-1-3-3_2,Ranking B-1-3-3_3,Ranking B-1-3-3_4,Q2.10,Ranking B-1-3-3 A_1,Ranking B-1-3-3 A_2,Ranking B-1-3-3 A_3,Ranking B-1-3-3 A_4,Ranking B-2_1,Ranking B-2_2,Ranking B-2_3,Ranking B-2_5,B-2 confidence,Chain B-2 choices,Ranking B-2-1_1,Ranking B-2-1_2,Ranking B-2-1_3,Ranking B-2-1_4,B-2-1 confidence,Chain B-2-1 choices,Ranking B-2-1-1_1,Ranking B-2-1-1_2,Ranking B-2-1-1_3,Ranking B-2-1-1_4,B-2-1-1 confidence,Q3.9,Ranking B-2-1-1 F_1,Ranking B-2-1-1 F_2,Ranking B-2-1-1 F_3,Ranking B-2-1-1 F_4,Ranking B-2-1-1 A_1,Ranking B-2-1-1 A_2,Ranking B-2-1-2_1,Ranking B-2-1-2_2,Ranking B-2-1-2_3,Ranking B-2-1-2_4,B-2-1-2 confidence,Q3.10,Ranking B-2-1-2 F_1,Ranking B-2-1-2 F_2,Ranking B-2-1-2 F_3,Ranking B-2-1-2 F_4,Ranking B-2-1-2 A_1,Ranking B-2-1-2 A_2,Ranking B-2-1-3_1,Ranking B-2-1-3_2,Ranking B-2-1-3_3,Ranking B-2-1-3_4,B-2-1-3 confidence,Q3.11,Ranking B-2-1-3 F_1,Ranking B-2-1-3 F_2,Ranking B-2-1-3 F_3,Ranking B-2-1-3 F_4,Ranking B-2-1-3 A_1,Ranking B-2-1-3 A_2,Ranking B-2-2_1,Ranking B-2-2_2,Ranking B-2-2_3,Ranking B-2-2_4,B-2-2 confidence,Chain B-2-2 choices,Ranking B-2-2-1_1,Ranking B-2-2-1_2,Ranking B-2-2-1_3,Ranking B-2-2-1_4,Q2.11,Ranking B-2-2-1 A_1,Ranking B-2-2-1 A_2,Ranking B-2-2-1 A_3,Ranking B-2-2-1 A_4,Ranking B-2-2-2_1,Ranking B-2-2-2_2,Ranking B-2-2-2_3,Ranking B-2-2-2_4,Q2.12,Ranking B-2-2-2 A_1,Ranking B-2-2-2 A_2,Ranking B-2-2-2 A_3,Ranking B-2-2-2 A_4,Ranking B-2-2-3_1,Ranking B-2-2-3_2,Ranking B-2-2-3_3,Ranking B-2-2-3_4,B-2-2-3 confidence,Q3.12,Ranking B-2-2-3 F_1,Ranking B-2-2-3 F_2,Ranking B-2-2-3 F_3,Ranking B-2-2-3 F_5,Ranking B-2-2-3 A_1,Ranking B-2-2-3 A_2,Ranking B-2-3_1,Ranking B-2-3_2,Ranking B-2-3_3,Ranking B-2-3_4,B-2-3 confidence,Chain B-2-3 choices,Ranking B-2-3-1_1,Ranking B-2-3-1_2,Ranking B-2-3-1_3,Ranking B-2-3-1_4,Q2.13,Ranking B-2-3-1 A_1,Ranking B-2-3-1 A_2,Ranking B-2-3-1 A_3,Ranking B-2-3-1 A_4,Ranking B-2-3-2_1,Ranking B-2-3-2_2,Ranking B-2-3-2_3,Ranking B-2-3-2_4,Q2.14,Ranking B-2-3-2 A_1,Ranking B-2-3-2 A_2,Ranking B-2-3-2 A_3,Ranking B-2-3-2 A_4,Ranking B-2-3-3_1,Ranking B-2-3-3_2,Ranking B-2-3-3_3,Ranking B-2-3-3_4,Q2.15,Ranking B-2-3-3 A_1,Ranking B-2-3-3 A_2,Ranking B-2-3-3 A_3,Ranking B-2-3-3 A_4,Ranking B-3_2,Ranking B-3_3,Ranking B-3_4,Ranking B-3_5,B-3 confidence,Chain B-3 choices,Ranking B-3-1_2,Ranking B-3-1_3,Ranking B-3-1_4,Ranking B-3-1_5,B-3-1 confidence,Chain B-3-1 choices,Ranking B-3-1-1_1,Ranking B-3-1-1_2,Ranking B-3-1-1_3,Ranking B-3-1-1_4,B-3-1-1 confidence,Q3.13,Ranking B-3-1-1 F_1,Ranking B-3-1-1 F_2,Ranking B-3-1-1 F_3,Ranking B-3-1-1 F_5,Ranking B-3-1-1 A_1,Ranking B-3-1-1 A_2,Ranking B-3-1-2_1,Ranking B-3-1-2_2,Ranking B-3-1-2_3,Ranking B-3-1-2_4,B-3-1-2 confidence,Q3.14,Ranking B-3-1-2 F_1,Ranking B-3-1-2 F_2,Ranking B-3-1-2 F_4,Ranking B-3-1-2 F_5,Ranking B-3-1-2 A_1,Ranking B-3-1-2 A_2,Ranking B-3-1-3_1,Ranking B-3-1-3_2,Ranking B-3-1-3_3,Ranking B-3-1-3_4,B-3-1-3 confidence,Q3.15,Ranking B-3-1-3 F_1,Ranking B-3-1-3 F_2,Ranking B-3-1-3 F_3,Ranking B-3-1-3 F_4,Ranking B-3-1-3 A_1,Ranking B-3-1-3 A_2,Ranking B-3-2_1,Ranking B-3-2_2,Ranking B-3-2_3,Ranking B-3-2_4,B-3-2 confidence,Chain B-3-2 choices,Ranking B-3-2-1_1,Ranking B-3-2-1_2,Ranking B-3-2-1_3,Ranking B-3-2-1_4,Q2.16,Ranking B-3-2-1 A_1,Ranking B-3-2-1 A_2,Ranking B-3-2-1 A_3,Ranking B-3-2-1 A_4,Ranking B-3-2-2_1,Ranking B-3-2-2_2,Ranking B-3-2-2_3,Ranking B-3-2-2_4,Q2.17,Ranking B-3-2-2 A_1,Ranking B-3-2-2 A_2,Ranking B-3-2-2 A_3,Ranking B-3-2-2 A_4,Ranking B-3-2-3_1,Ranking B-3-2-3_2,Ranking B-3-2-3_3,Ranking B-3-2-3_4,B-3-2-3 confidence,Q3.16,Ranking B-3-2-3 F_1,Ranking B-3-2-3 F_2,Ranking B-3-2-3 F_3,Ranking B-3-2-3 F_5,Ranking B-3-2-3 A_1,Ranking B-3-2-3 A_2,Ranking B-3-3_1,Ranking B-3-3_2,Ranking B-3-3_3,Ranking B-3-3_4,B-3-3 confidence,Chain B-3-3 choices,Ranking B-3-3-1_1,Ranking B-3-3-1_2,Ranking B-3-3-1_3,Ranking B-3-3-1_4,Q2.18,Ranking B-3-3-1 A_1,Ranking B-3-3-1 A_2,Ranking B-3-3-1 A_3,Ranking B-3-3-1 A_4,Ranking B-3-3-2_1,Ranking B-3-3-2_2,Ranking B-3-3-2_3,Ranking B-3-3-2_4,Q2.19,Ranking B-3-3-2 A_1,Ranking B-3-3-2 A_2,Ranking B-3-3-2 A_3,Ranking B-3-3-2 A_4,Ranking B-3-3-3_1,Ranking B-3-3-3_2,Ranking B-3-3-3_3,Ranking B-3-3-3_4,Q2.20,Ranking B-3-3-3 A_1,Ranking B-3-3-3 A_2,Ranking B-3-3-3 A_3,Ranking B-3-3-3 A_4,Ranking C_1,Ranking C_2,Ranking C_3,Ranking C_4,Chain C confidence,Chain C choices,Ranking C-1_2,Ranking C-1_3,Ranking C-1_4,Ranking C-1_5,C-1 confidence,Chain C-1 choices,Ranking C-1-1_2,Ranking C-1-1_3,Ranking C-1-1_4,Ranking C-1-1_5,C-1-1 confidence,Chain C-1-1 choices,Ranking C-1-1-1_1,Ranking C-1-1-1_2,Ranking C-1-1-1_3,Ranking C-1-1-1_4,C-1-1-1 confidence,Q3.17,Ranking C-1-1-1 F_1,Ranking C-1-1-1 F_2,Ranking C-1-1-1 F_3,Ranking C-1-1-1 F_5,Ranking C-1-1-1 A_1,Ranking C-1-1-1 A_2,Ranking C-1-1-2_1,Ranking C-1-1-2_2,Ranking C-1-1-2_3,Ranking C-1-1-2_4,C-1-1-2 confidence,Q3.18,Ranking C-1-1-2 F_1,Ranking C-1-1-2 F_2,Ranking C-1-1-2 F_3,Ranking C-1-1-2 F_4,Ranking C-1-1-2 A_1,Ranking C-1-1-2 A_2,Ranking C-1-1-3_1,Ranking C-1-1-3_2,Ranking C-1-1-3_3,Ranking C-1-1-3_4,C-1-1-3 confidence,Q3.19,Ranking C-1-1-3 F_1,Ranking C-1-1-3 F_2,Ranking C-1-1-3 F_3,Ranking C-1-1-3 F_4,Ranking C-1-1-3 A_1,Ranking C-1-1-3 A_2,Ranking C-1-2_1,Ranking C-1-2_2,Ranking C-1-2_3,Ranking C-1-2_4,C-1-2 confidence,Chain C-1-2 choices,Ranking C-1-2-1_1,Ranking C-1-2-1_2,Ranking C-1-2-1_3,Ranking C-1-2-1_4,C-1-2-1 confidence,Q3.20,Ranking C-1-2-1 F_1,Ranking C-1-2-1 F_2,Ranking C-1-2-1 F_3,Ranking C-1-2-1 F_4,Ranking C-1-2-1 A_1,Ranking C-1-2-1 A_2,Ranking C-1-2-2_1,Ranking C-1-2-2_2,Ranking C-1-2-2_3,Ranking C-1-2-2_4,C-1-2-2 confidence,Q3.21,Ranking C-1-2-2 F_1,Ranking C-1-2-2 F_2,Ranking C-1-2-2 F_3,Ranking C-1-2-2 F_4,Ranking C-1-2-2 A_1,Ranking C-1-2-2 A_2,Ranking C-1-2-3_1,Ranking C-1-2-3_2,Ranking C-1-2-3_3,Ranking C-1-2-3_4,C-1-2-3 confidence,Q3.22,Ranking C-1-2-3 F_1,Ranking C-1-2-3 F_2,Ranking C-1-2-3 F_3,Ranking C-1-2-3 F_4,Ranking C-1-2-3 A_1,Ranking C-1-2-3 A_2,Ranking C-1-3_1,Ranking C-1-3_2,Ranking C-1-3_3,Ranking C-1-3_4,C-1-3 confidence,Chain C-1-3 choices,Ranking C-1-3-1_1,Ranking C-1-3-1_2,Ranking C-1-3-1_3,Ranking C-1-3-1_4,Q2.21,Ranking C-1-3-1 A_2,Ranking C-1-3-1 A_3,Ranking C-1-3-1 A_4,Ranking C-1-3-1 A_5,Ranking C-1-3-2 _1,Ranking C-1-3-2 _2,Ranking C-1-3-2 _3,Ranking C-1-3-2 _5,Q2.22,Ranking C-1-3-2 A_2,Ranking C-1-3-2 A_3,Ranking C-1-3-2 A_4,Ranking C-1-3-2 A_5,Ranking C-1-3-3_1,Ranking C-1-3-3_2,Ranking C-1-3-3_3,Ranking C-1-3-3_4,Q2.23,Ranking C-1-3-3 A_1,Ranking C-1-3-3 A_2,Ranking C-1-3-3 A_3,Ranking C-1-3-3 A_4,Ranking C-2_1,Ranking C-2_2,Ranking C-2_3,Ranking C-2_5,C-2 confidence,Chain C-2 choices,Ranking C-2-1_1,Ranking C-2-1_2,Ranking C-2-1_3,Ranking C-2-1_4,C-2-1 confidence,Chain C-2-1 choices,Ranking C-2-1-1_1,Ranking C-2-1-1_2,Ranking C-2-1-1_3,Ranking C-2-1-1_4,C-2-1-1 confidence,Q3.23,Ranking C-2-1-1 F_1,Ranking C-2-1-1 F_2,Ranking C-2-1-1 F_3,Ranking C-2-1-1 F_4,Ranking C-2-1-1 A_1,Ranking C-2-1-1 A_2,Ranking C-2-1-2_1,Ranking C-2-1-2_2,Ranking C-2-1-2_3,Ranking C-2-1-2_4,C-2-1-2 confidence,Q3.24,Ranking C-2-1-2 F_1,Ranking C-2-1-2 F_2,Ranking C-2-1-2 F_3,Ranking C-2-1-2 F_4,Ranking C-2-1-2 A_1,Ranking C-2-1-2 A_2,Ranking C-2-1-3_1,Ranking C-2-1-3_2,Ranking C-2-1-3_3,Ranking C-2-1-3_4,C-2-1-3 confidence,Q3.25,Ranking C-2-1-3 F_1,Ranking C-2-1-3 F_2,Ranking C-2-1-3 F_3,Ranking C-2-1-3 F_4,Ranking C-2-1-3 A_1,Ranking C-2-1-3 A_2,Ranking C-2-2_1,Ranking C-2-2_2,Ranking C-2-2_3,Ranking C-2-2_4,C-2-2 confidence,Chain C-2-2 choices,Ranking C-2-2-1_1,Ranking C-2-2-1_2,Ranking C-2-2-1_3,Ranking C-2-2-1_4,Q2.24,Ranking C-2-2-1 A_1,Ranking C-2-2-1 A_2,Ranking C-2-2-1 A_3,Ranking C-2-2-1 A_4,Ranking C-2-2-2_1,Ranking C-2-2-2_2,Ranking C-2-2-2_3,Ranking C-2-2-2_4,Q2.25,Ranking C-2-2-2 A_1,Ranking C-2-2-2 A_2,Ranking C-2-2-2 A_3,Ranking C-2-2-2 A_4,Ranking C-2-2-3_1,Ranking C-2-2-3_2,Ranking C-2-2-3_3,Ranking C-2-2-3_4,C-2-2-3 confidence,Q3.26,Ranking C-2-2-3 F_1,Ranking C-2-2-3 F_2,Ranking C-2-2-3 F_3,Ranking C-2-2-3 F_5,Ranking C-2-2-3 A_1,Ranking C-2-2-3 A_2,Ranking C-2-3_1,Ranking C-2-3_2,Ranking C-2-3_3,Ranking C-2-3_4,C-2-3 confidence,Chain C-2-3 choices,Ranking C-2-3-1_1,Ranking C-2-3-1_2,Ranking C-2-3-1_3,Ranking C-2-3-1_4,Q2.26,Ranking C-2-3-1 A_1,Ranking C-2-3-1 A_2,Ranking C-2-3-1 A_3,Ranking C-2-3-1 A_4,Ranking C-2-3-2_1,Ranking C-2-3-2_2,Ranking C-2-3-2_3,Ranking C-2-3-2_4,Q2.27,Ranking C-2-3-2 A_1,Ranking C-2-3-2 A_2,Ranking C-2-3-2 A_3,Ranking C-2-3-2 A_4,Ranking C-2-3-3_1,Ranking C-2-3-3_2,Ranking C-2-3-3_3,Ranking C-2-3-3_4,Q2.28,Ranking C-2-3-3 A_1,Ranking C-2-3-3 A_2,Ranking C-2-3-3 A_3,Ranking C-2-3-3 A_4,Ranking C-3_2,Ranking C-3_3,Ranking C-3_4,Ranking C-3_5,C-3 confidence,Chain C-3 choices,Ranking C-3-1_2,Ranking C-3-1_3,Ranking C-3-1_4,Ranking C-3-1_5,C-3-1 confidence,Chain C-3-1 choices,Ranking C-3-1-1_1,Ranking C-3-1-1_2,Ranking C-3-1-1_3,Ranking C-3-1-1_4,C-3-1-1 confidence,Q3.27,Ranking C-3-1-1 F_1,Ranking C-3-1-1 F_2,Ranking C-3-1-1 F_3,Ranking C-3-1-1 F_5,Ranking C-3-1-1 A_1,Ranking C-3-1-1 A_2,Ranking C-3-1-2_1,Ranking C-3-1-2_2,Ranking C-3-1-2_3,Ranking C-3-1-2_4,C-3-1-2 confidence,Q3.28,Ranking C-3-1-2 F_1,Ranking C-3-1-2 F_2,Ranking C-3-1-2 F_4,Ranking C-3-1-2 F_5,Ranking C-3-1-2 A_1,Ranking C-3-1-2 A_2,Ranking C-3-1-3_1,Ranking C-3-1-3_2,Ranking C-3-1-3_3,Ranking C-3-1-3_4,C-3-1-3 confidence,Q3.29,Ranking C-3-1-3 F_1,Ranking C-3-1-3 F_2,Ranking C-3-1-3 F_3,Ranking C-3-1-3 F_4,Ranking C-3-1-3 A_1,Ranking C-3-1-3 A_2,Ranking C-3-2_1,Ranking C-3-2_2,Ranking C-3-2_3,Ranking C-3-2_4,C-3-2 confidence,Chain C-3-2 choices,Ranking C-3-2-1_1,Ranking C-3-2-1_2,Ranking C-3-2-1_3,Ranking C-3-2-1_4,Q2.29,Ranking C-3-2-1 A_1,Ranking C-3-2-1 A_2,Ranking C-3-2-1 A_3,Ranking C-3-2-1 A_4,Ranking C-3-2-2_1,Ranking C-3-2-2_2,Ranking C-3-2-2_3,Ranking C-3-2-2_4,Q2.30,Ranking C-3-2-2 A_1,Ranking C-3-2-2 A_2,Ranking C-3-2-2 A_3,Ranking C-3-2-2 A_4,Ranking C-3-2-3_1,Ranking C-3-2-3_2,Ranking C-3-2-3_3,Ranking C-3-2-3_4,C-3-2-3 confidence,Q3.30,Ranking C-3-2-3 F_1,Ranking C-3-2-3 F_2,Ranking C-3-2-3 F_3,Ranking C-3-2-3 F_5,Ranking C-3-2-3 A_1,Ranking C-3-2-3 A_2,Ranking C-3-3_1,Ranking C-3-3_2,Ranking C-3-3_3,Ranking C-3-3_4,C-3-3 confidence,Chain C-3-3 choices,Ranking C-3-3-1_1,Ranking C-3-3-1_2,Ranking C-3-3-1_3,Ranking C-3-3-1_4,Q2.31,Ranking C-3-3-1 A_1,Ranking C-3-3-1 A_2,Ranking C-3-3-1 A_3,Ranking C-3-3-1 A_4,Ranking C-3-3-2_1,Ranking C-3-3-2_2,Ranking C-3-3-2_3,Ranking C-3-3-2_4,Q2.32,Ranking C-3-3-2 A_1,Ranking C-3-3-2 A_2,Ranking C-3-3-2 A_3,Ranking C-3-3-2 A_4,Ranking C-3-3-3_1,Ranking C-3-3-3_2,Ranking C-3-3-3_3,Ranking C-3-3-3_4,Q2.33,Ranking C-3-3-3 A_1,Ranking C-3-3-3 A_2,Ranking C-3-3-3 A_3,Ranking C-3-3-3 A_4,Trust increase_1
4,I agree,Blitzcrank,Luminara Gardens,"I believe Blitzcrank's argument is reasonable, but I remain somewhat skeptical and would like more information. (Average Confidence)",Luminara Gardens is unsuitable for parties since it doesn't seem large enough. (Low Confidence),1,2,4,3,I believe Blitzcrank's argument to be credible and well-supported. (High Confidence),Luminara Gardens has no entertainment facilities that would make it unsuitable for parties. (Average Confidence),,,,,,,,,,,,,,,,,,,,,,,,,,,,,,,,,,,,,,,,,,,,,,,,,,,,,,,,,,,,,,,,,,,,,,,,,,,,,,,,,,,,,,,,,,,,,,,,,,,,,,,,,,,,,,,,,,,,,,,,,,,,1,2,3,4,I believe Blitzcrank's argument to be credible and well-supported. (High Confidence),The lack of diverse entertainment facilities makes Luminara Gardens unsuitable for parties. (High Confidence),,,,,,,,,,,,,,,,,,,,,,,,,,,,,,,,,,,,,,,,,,,,,,,,,,,,,,,,,,,,,,,,,,,,,,,,,,,,,,,1,3,4,2,I believe Blitzcrank's argument is exceptionally well-founded and entirely convincing. (Very High Confidence),The outdated facilities make Luminara Gardens unsuitable for parties. (Vey High Confidence),2,1,3,4,"Okay, that's all I know.",1,3,2,4,,,,,,,,,,,,,,,,,,,,,,,,,,,,,,,,,,,,,,,,,,,,,,,,,,,,,,,,,,,,,,,,,,,,,,,,,,,,,,,,,,,,,,,,,,,,,,,,,,,,,,,,,,,,,,,,,,,,,,,,,,,,,,,,,,,,,,,,,,,,,,,,,,,,,,,,,,,,,,,,,,,,,,,,,,,,,,,,,,,,,,,,,,,,,,,,,,,,,,,,,,,,,,,,,,,,,,,,,,,,,,,,,,,,,,,,,,,,,,,,,,,,,,,,,,,,,,,,,,,,,,,,,,,,,,,,,,,,,,,,,,,,,,,,,,,,,,,,,,,,,,,,,,,,,,,,,,,,,,,,,,,,,,,,,,,,,,,,,,,,,,,,,,,,,,,,,,,,,,,,,,,,,,,,,,,,,,,,,,,,,,,,,,,,,,,,,,,,,,,,,,,,,,,,,,,,,,,,,,,,,,,,,,,,,,,,,,,,,,,,,,,,,,,,,,,,,,,,,,,,,,,,,,,,,,,,,,,,,,,,,,,,,,,,,,,,,,,,,,,,,,,,,,,,,,,,,,,,,,,,,,,,,,,,,,,,,,,,,,,,,,,,,,,,,,,,,,,,,,,,,,,,,,,,,,,,,,,,,,,,,,,,,,,,,,,,,,,,,,,,,,,,,,,,,,,,,,,,,,,,,,,,,,,,,,,,,,,,,,,,,,,,,,,,,,,,,,,,,,,,,,,,,,,,,,,,,,,,,,,,,,,,,,,,,,,,,,,,,,,,,,,,,,,,,,,,,,,,,,,,,,,,,,,,,,,,,,,,,,,,,,,,,,,,,,,,,,,,,,,,,,,,,,,,,,,,,,,,,,,,,,,,,,,,,,,,,,,,,,,,,,,,,,,,,,,,,,,,,,,,,,,,,,,,,,,,,,,,,,,,,,,,,,,,,,,,,,,,,,,,,,4
18,I agree,Blitzcrank,Luminara Gardens,I believe Blitzcrank's argument is unconvincing and see little value in its insights. (Very Low Confidence),Luminara Gardens is unsuitable for parties since it doesn't seem large enough. (Low Confidence),1,2,3,4,"I believe Blitzcrank's argument is reasonable, but I remain somewhat skeptical and would like more information. (Average Confidence)","The extra service fee results in high costs, making Luminara Gardens unsuitable for parties. (High Confidence)",4,2,3,1,I believe Blitzcrank's argument to be credible and well-supported. (High Confidence),"The hidden fees might arise due to various conditions not listed on the website, potentially leading to high costs. (Average Confidence)",,,,,,,,,,,,,,,,,,,,,,,,,,,,,,,,,,,,,,,,,,,1,2,3,4,I believe Blitzcrank's argument is exceptionally well-founded and entirely convincing. (Very High Confidence),The additional expenses for entertainment could lead to higher costs. (Average Confidence),,,,,,,,,,,,,,,,,,,,,,,,,1,4,3,2,I believe Blitzcrank's argument to be credible and well-supported. (High Confidence),"Okay, that's all I know.",1,2,4,3,1,2,,,,,,,,,,,,,,,,,,,,,,,,,,,,,,,,,,,,,,,,,,,,,,,,,,,,,,,,,,,,,,,,,,,,,,,,,,,,,,,,,,,,,,,,,,,,,,,,,,,,,,,,,,,,,,,,,,,,,,,,,,,,,,,,,,,,,,,,,,,,,,,,,,,,,,,,,,,,,,,,,,,,,,,,,,,,,,,,,,,,,,,,,,,,,,,,,,,,,,,,,,,,,,,,,,,,,,,,,,,,,,,,,,,,,,,,,,,,,,,,,,,,,,,,,,,,,,,,,,,,,,,,,,,,,,,,,,,,,,,,,,,,,,,,,,,,,,,,,,,,,,,,,,,,,,,,,,,,,,,,,,,,,,,,,,,,,,,,,,,,,,,,,,,,,,,,,,,,,,,,,,,,,,,,,,,,,,,,,,,,,,,,,,,,,,,,,,,,,,,,,,,,,,,,,,,,,,,,,,,,,,,,,,,,,,,,,,,,,,,,,,,,,,,,,,,,,,,,,,,,,,,,,,,,,,,,,,,,,,,,,,,,,,,,,,,,,,,,,,,,,,,,,,,,,,,,,,,,,,,,,,,,,,,,,,,,,,,,,,,,,,,,,,,,,,,,,,,,,,,,,,,,,,,,,,,,,,,,,,,,,,,,,,,,,,,,,,,,,,,,,,,,,,,,,,,,,,,,,,,,,,,,,,,,,,,,,,,,,,,,,,,,,,,,,,,,,,,,,,,,,,,,,,,,,,,,,,,,,,,,,,,,,,,,,,,,,,,,,,,,,,,,,,,,,,,,,,,,,,,,,,,,,,,,,,,,,,,,,,,,,,,,,,,,,,,,,,,,,,,,,,,,,,,,,,,,,,,,,,,,,,,,,,,,,,,,,,,,,,,,,,,,,,,,,,,,,,,,,,,,,,,,,,,,,,,,,,,,,,,,,,,,,,,,,,,,,,,,,,,,,,,,,,,,,,,,,,,,,,,,,,,,,,,,,,,,,,,,,,,,,,,,,,,,,,,,,,,,,,,,,,,,,,,,,,,,,,,,,,,,,,,,,,,,,,,,,,,,,,,,,,,,,,,,,,,,,,,,,,,,,,,,,,,,,,,,,,4
19,I agree,Blitzcrank,Luminara Gardens,I believe Blitzcrank's argument is doubtful and question the reliability of its assessment. (Low Confidence),Luminara Gardens is unsuitable for parties since it doesn't seem large enough. (Low Confidence),1,2,3,4,"I believe Blitzcrank's argument is reasonable, but I remain somewhat skeptical and would like more information. (Average Confidence)","The extra service fee results in high costs, making Luminara Gardens unsuitable for parties. (High Confidence)",4,1,2,3,I believe Blitzcrank's argument is exceptionally well-founded and entirely convincing. (Very High Confidence),"The hidden fees might arise due to various conditions not listed on the website, potentially leading to high costs. (Average Confidence)",,,,,,,,,,,,,,,,,,,,,,,,,,,,,,,,,,,,,,,,,,,3,2,4,1,"I believe Blitzcrank's argument is reasonable, but I remain somewhat skeptical and would like more information. (Average Confidence)",The manager might be dishonest about the absence of hidden fees to attract customers. (High Confidence),4,2,3,1,I believe Blitzcrank's argument is exceptionally well-founded and entirely convincing. (Very High Confidence),"Okay, that's all I know.",1,3,4,2,1,2,,,,,,,,,,,,,,,,,,,,,,,,,,,,,,,,,,,,,,,,,,,,,,,,,,,,,,,,,,,,,,,,,,,,,,,,,,,,,,,,,,,,,,,,,,,,,,,,,,,,,,,,,,,,,,,,,,,,,,,,,,,,,,,,,,,,,,,,,,,,,,,,,,,,,,,,,,,,,,,,,,,,,,,,,,,,,,,,,,,,,,,,,,,,,,,,,,,,,,,,,,,,,,,,,,,,,,,,,,,,,,,,,,,,,,,,,,,,,,,,,,,,,,,,,,,,,,,,,,,,,,,,,,,,,,,,,,,,,,,,,,,,,,,,,,,,,,,,,,,,,,,,,,,,,,,,,,,,,,,,,,,,,,,,,,,,,,,,,,,,,,,,,,,,,,,,,,,,,,,,,,,,,,,,,,,,,,,,,,,,,,,,,,,,,,,,,,,,,,,,,,,,,,,,,,,,,,,,,,,,,,,,,,,,,,,,,,,,,,,,,,,,,,,,,,,,,,,,,,,,,,,,,,,,,,,,,,,,,,,,,,,,,,,,,,,,,,,,,,,,,,,,,,,,,,,,,,,,,,,,,,,,,,,,,,,,,,,,,,,,,,,,,,,,,,,,,,,,,,,,,,,,,,,,,,,,,,,,,,,,,,,,,,,,,,,,,,,,,,,,,,,,,,,,,,,,,,,,,,,,,,,,,,,,,,,,,,,,,,,,,,,,,,,,,,,,,,,,,,,,,,,,,,,,,,,,,,,,,,,,,,,,,,,,,,,,,,,,,,,,,,,,,,,,,,,,,,,,,,,,,,,,,,,,,,,,,,,,,,,,,,,,,,,,,,,,,,,,,,,,,,,,,,,,,,,,,,,,,,,,,,,,,,,,,,,,,,,,,,,,,,,,,,,,,,,,,,,,,,,,,,,,,,,,,,,,,,,,,,,,,,,,,,,,,,,,,,,,,,,,,,,,,,,,,,,,,,,,,,,,,,,,,,,,,,,,,,,,,,,,,,,,,,,,,,,,,,,,,,,,,,,,,,,,,,,,,,,,,,,,,,,,,,,,,,,,,,,,,,,,,,,,,,,,,,,,,,,,,,,,,,,,,,,,,,,,,,,,,,,,,,,,,,,,,,,,,,,,,,3
24,I agree,Blitzcrank,Luminara Gardens,I believe Blitzcrank's argument is doubtful and question the reliability of its assessment. (Low Confidence),Luminara Gardens is unsuitable for parties since it doesn't seem large enough. (Low Confidence),2,1,3,4,"I believe Blitzcrank's argument is reasonable, but I remain somewhat skeptical and would like more information. (Average Confidence)",Luminara Gardens has no entertainment facilities that would make it unsuitable for parties. (Average Confidence),,,,,,,,,,,,,,,,,,,,,,,,,,,,,,,,,,,,,,,,,,,,,,,,,,,,,,,,,,,,,,,,,,,,,,,,,,,,,,,,,,,,,,,,,,,,,,,,,,,,,,,,,,,,,,,,,,,,,,,,,,,,4,2,3,1,I believe Blitzcrank's argument to be credible and well-supported. (High Confidence),The limited variety of cuisine at Luminara Gardens makes it unsuitable for parties. (Average Confidence),,,,,,,,,,,,,,,,,,,,,,,,,,,,,,,,,,,,,,,,,,,2,3,1,4,I believe Blitzcrank's argument to be credible and well-supported. (High Confidence),"I’ve visited Solaria Fields, known for its exceptional cuisine, so Luminara Gardens is less suitable for parties in comparison. (Low Confidence)",,,,,,,,,,,,,,,,,,,4,3,1,2,"I believe Blitzcrank's argument is reasonable, but I remain somewhat skeptical and would like more information. (Average Confidence)","Okay, that's all I know.",4,3,1,2,2,1,,,,,,,,,,,,,,,,,,,,,,,,,,,,,,,,,,,,,,,,,,,,,,,,,,,,,,,,,,,,,,,,,,,,,,,,,,,,,,,,,,,,,,,,,,,,,,,,,,,,,,,,,,,,,,,,,,,,,,,,,,,,,,,,,,,,,,,,,,,,,,,,,,,,,,,,,,,,,,,,,,,,,,,,,,,,,,,,,,,,,,,,,,,,,,,,,,,,,,,,,,,,,,,,,,,,,,,,,,,,,,,,,,,,,,,,,,,,,,,,,,,,,,,,,,,,,,,,,,,,,,,,,,,,,,,,,,,,,,,,,,,,,,,,,,,,,,,,,,,,,,,,,,,,,,,,,,,,,,,,,,,,,,,,,,,,,,,,,,,,,,,,,,,,,,,,,,,,,,,,,,,,,,,,,,,,,,,,,,,,,,,,,,,,,,,,,,,,,,,,,,,,,,,,,,,,,,,,,,,,,,,,,,,,,,,,,,,,,,,,,,,,,,,,,,,,,,,,,,,,,,,,,,,,,,,,,,,,,,,,,,,,,,,,,,,,,,,,,,,,,,,,,,,,,,,,,,,,,,,,,,,,,,,,,,,,,,,,,,,,,,,,,,,,,,,,,,,,,,,,,,,,,,,,,,,,,,,,,,,,,,,,,,,,,,,,,,,,,,,,,,,,,,,,,,,,,,,,,,,,,,,,,,,,,,,,,,,,,,,,,,,,,,,,,,,,,,,,,,,,,,,,,,,,,,,,,,,,,,,,,,,,,,,,,,,,,,,,,,,,,,,,,,,,,,,,,,,,,,,,,,,,,,,,,,,,,,,,,,,,,,,,,,,,,,,,,,,,,,,,,,,,,,,,,,,,,,,,,,,,,,,,,,,,,,,,,,,,,,,,,,,,,,,,,,,,,,,,,,,,,,,,,,,,,,,,,,,,,,,,,,,,,,,,,,,,,,,,,,,,,,,,,,,,,,,,,,,,,2
32,I agree,Blitzcrank,Luminara Gardens,I believe Blitzcrank's argument is unconvincing and see little value in its insights. (Very Low Confidence),Luminara Gardens is unsuitable for parties since it doesn't seem large enough. (Low Confidence),1,2,3,4,"I believe Blitzcrank's argument is reasonable, but I remain somewhat skeptical and would like more information. (Average Confidence)","The extra service fee results in high costs, making Luminara Gardens unsuitable for parties. (High Confidence)",4,1,2,3,I believe Blitzcrank's argument to be credible and well-supported. (High Confidence),"The hidden fees might arise due to various conditions not listed on the website, potentially leading to high costs. (Average Confidence)",,,,,,,,,,,,,,,,,,,,,,,,,,,,,,,,,,,,,,,,,,,4,2,1,3,I believe Blitzcrank's argument is exceptionally well-founded and entirely convincing. (Very High Confidence),The manager might be dishonest about the absence of hidden fees to attract customers. (High Confidence),4,3,1,2,I believe Blitzcrank's argument is exceptionally well-founded and entirely convincing. (Very High Confidence),"Okay, that's all I know.",2,4,3,1,1,2,,,,,,,,,,,,,,,,,,,,,,,,,,,,,,,,,,,,,,,,,,,,,,,,,,,,,,,,,,,,,,,,,,,,,,,,,,,,,,,,,,,,,,,,,,,,,,,,,,,,,,,,,,,,,,,,,,,,,,,,,,,,,,,,,,,,,,,,,,,,,,,,,,,,,,,,,,,,,,,,,,,,,,,,,,,,,,,,,,,,,,,,,,,,,,,,,,,,,,,,,,,,,,,,,,,,,,,,,,,,,,,,,,,,,,,,,,,,,,,,,,,,,,,,,,,,,,,,,,,,,,,,,,,,,,,,,,,,,,,,,,,,,,,,,,,,,,,,,,,,,,,,,,,,,,,,,,,,,,,,,,,,,,,,,,,,,,,,,,,,,,,,,,,,,,,,,,,,,,,,,,,,,,,,,,,,,,,,,,,,,,,,,,,,,,,,,,,,,,,,,,,,,,,,,,,,,,,,,,,,,,,,,,,,,,,,,,,,,,,,,,,,,,,,,,,,,,,,,,,,,,,,,,,,,,,,,,,,,,,,,,,,,,,,,,,,,,,,,,,,,,,,,,,,,,,,,,,,,,,,,,,,,,,,,,,,,,,,,,,,,,,,,,,,,,,,,,,,,,,,,,,,,,,,,,,,,,,,,,,,,,,,,,,,,,,,,,,,,,,,,,,,,,,,,,,,,,,,,,,,,,,,,,,,,,,,,,,,,,,,,,,,,,,,,,,,,,,,,,,,,,,,,,,,,,,,,,,,,,,,,,,,,,,,,,,,,,,,,,,,,,,,,,,,,,,,,,,,,,,,,,,,,,,,,,,,,,,,,,,,,,,,,,,,,,,,,,,,,,,,,,,,,,,,,,,,,,,,,,,,,,,,,,,,,,,,,,,,,,,,,,,,,,,,,,,,,,,,,,,,,,,,,,,,,,,,,,,,,,,,,,,,,,,,,,,,,,,,,,,,,,,,,,,,,,,,,,,,,,,,,,,,,,,,,,,,,,,,,,,,,,,,,,,,,,,,,,,,,,,,,,,,,,,,,,,,,,,,,,,,,,,,,,,,,,,,,,,,,,,,,,,,,,,,,,,,,,,,,,,,,,,,,,,,,,,,,,,,,,,,,,,,,,,,,,,,,,,,,,3
41,I agree,Blitzcrank,Luminara Gardens,I believe Blitzcrank's argument is unconvincing and see little value in its insights. (Very Low Confidence),Luminara Gardens is unsuitable for parties since it doesn't seem large enough. (Low Confidence),1,2,3,4,"I believe Blitzcrank's argument is reasonable, but I remain somewhat skeptical and would like more information. (Average Confidence)",Luminara Gardens has no entertainment facilities that would make it unsuitable for parties. (Average Confidence),,,,,,,,,,,,,,,,,,,,,,,,,,,,,,,,,,,,,,,,,,,,,,,,,,,,,,,,,,,,,,,,,,,,,,,,,,,,,,,,,,,,,,,,,,,,,,,,,,,,,,,,,,,,,,,,,,,,,,,,,,,,4,3,2,1,I believe Blitzcrank's argument to be credible and well-supported. (High Confidence),The lack of diverse entertainment facilities makes Luminara Gardens unsuitable for parties. (High Confidence),,,,,,,,,,,,,,,,,,,,,,,,,,,,,,,,,,,,,,,,,,,,,,,,,,,,,,,,,,,,,,,,,,,,,,,,,,,,,,,4,1,3,2,I believe Blitzcrank's argument to be credible and well-supported. (High Confidence),"The comments in the apps describe that most board games are boring, making Luminara Gardens unsuitable for parties. (High Confidence)",,,,,,,,,,,,,,,,,,,1,3,4,2,"Okay, that's all I know.",1,3,4,2,,,,,,,,,,,,,,,,,,,,,,,,,,,,,,,,,,,,,,,,,,,,,,,,,,,,,,,,,,,,,,,,,,,,,,,,,,,,,,,,,,,,,,,,,,,,,,,,,,,,,,,,,,,,,,,,,,,,,,,,,,,,,,,,,,,,,,,,,,,,,,,,,,,,,,,,,,,,,,,,,,,,,,,,,,,,,,,,,,,,,,,,,,,,,,,,,,,,,,,,,,,,,,,,,,,,,,,,,,,,,,,,,,,,,,,,,,,,,,,,,,,,,,,,,,,,,,,,,,,,,,,,,,,,,,,,,,,,,,,,,,,,,,,,,,,,,,,,,,,,,,,,,,,,,,,,,,,,,,,,,,,,,,,,,,,,,,,,,,,,,,,,,,,,,,,,,,,,,,,,,,,,,,,,,,,,,,,,,,,,,,,,,,,,,,,,,,,,,,,,,,,,,,,,,,,,,,,,,,,,,,,,,,,,,,,,,,,,,,,,,,,,,,,,,,,,,,,,,,,,,,,,,,,,,,,,,,,,,,,,,,,,,,,,,,,,,,,,,,,,,,,,,,,,,,,,,,,,,,,,,,,,,,,,,,,,,,,,,,,,,,,,,,,,,,,,,,,,,,,,,,,,,,,,,,,,,,,,,,,,,,,,,,,,,,,,,,,,,,,,,,,,,,,,,,,,,,,,,,,,,,,,,,,,,,,,,,,,,,,,,,,,,,,,,,,,,,,,,,,,,,,,,,,,,,,,,,,,,,,,,,,,,,,,,,,,,,,,,,,,,,,,,,,,,,,,,,,,,,,,,,,,,,,,,,,,,,,,,,,,,,,,,,,,,,,,,,,,,,,,,,,,,,,,,,,,,,,,,,,,,,,,,,,,,,,,,,,,,,,,,,,,,,,,,,,,,,,,,,,,,,,,,,,,,,,,,,,,,,,,,,,,3
42,I agree,Blitzcrank,Luminara Gardens,I believe Blitzcrank's argument is unconvincing and see little value in its insights. (Very Low Confidence),Luminara Gardens is unsuitable for parties since it doesn't seem large enough. (Low Confidence),2,1,3,4,I believe Blitzcrank's argument is unconvincing and see little value in its insights. (Very Low Confidence),"The extra service fee results in high costs, making Luminara Gardens unsuitable for parties. (High Confidence)",4,1,3,2,"I believe Blitzcrank's argument is reasonable, but I remain somewhat skeptical and would like more information. (Average Confidence)","The hidden fees might arise due to various conditions not listed on the website, potentially leading to high costs. (Average Confidence)",,,,,,,,,,,,,,,,,,,,,,,,,,,,,,,,,,,,,,,,,,,1,2,4,3,"I believe Blitzcrank's argument is reasonable, but I remain somewhat skeptical and would like more information. (Average Confidence)",The additional expenses for entertainment could lead to higher costs. (Average Confidence),,,,,,,,,,,,,,,,,,,,,,,,,3,4,1,2,I believe Blitzcrank's argument to be credible and well-supported. (High Confidence),"Okay, that's all I know.",1,3,4,2,1,2,,,,,,,,,,,,,,,,,,,,,,,,,,,,,,,,,,,,,,,,,,,,,,,,,,,,,,,,,,,,,,,,,,,,,,,,,,,,,,,,,,,,,,,,,,,,,,,,,,,,,,,,,,,,,,,,,,,,,,,,,,,,,,,,,,,,,,,,,,,,,,,,,,,,,,,,,,,,,,,,,,,,,,,,,,,,,,,,,,,,,,,,,,,,,,,,,,,,,,,,,,,,,,,,,,,,,,,,,,,,,,,,,,,,,,,,,,,,,,,,,,,,,,,,,,,,,,,,,,,,,,,,,,,,,,,,,,,,,,,,,,,,,,,,,,,,,,,,,,,,,,,,,,,,,,,,,,,,,,,,,,,,,,,,,,,,,,,,,,,,,,,,,,,,,,,,,,,,,,,,,,,,,,,,,,,,,,,,,,,,,,,,,,,,,,,,,,,,,,,,,,,,,,,,,,,,,,,,,,,,,,,,,,,,,,,,,,,,,,,,,,,,,,,,,,,,,,,,,,,,,,,,,,,,,,,,,,,,,,,,,,,,,,,,,,,,,,,,,,,,,,,,,,,,,,,,,,,,,,,,,,,,,,,,,,,,,,,,,,,,,,,,,,,,,,,,,,,,,,,,,,,,,,,,,,,,,,,,,,,,,,,,,,,,,,,,,,,,,,,,,,,,,,,,,,,,,,,,,,,,,,,,,,,,,,,,,,,,,,,,,,,,,,,,,,,,,,,,,,,,,,,,,,,,,,,,,,,,,,,,,,,,,,,,,,,,,,,,,,,,,,,,,,,,,,,,,,,,,,,,,,,,,,,,,,,,,,,,,,,,,,,,,,,,,,,,,,,,,,,,,,,,,,,,,,,,,,,,,,,,,,,,,,,,,,,,,,,,,,,,,,,,,,,,,,,,,,,,,,,,,,,,,,,,,,,,,,,,,,,,,,,,,,,,,,,,,,,,,,,,,,,,,,,,,,,,,,,,,,,,,,,,,,,,,,,,,,,,,,,,,,,,,,,,,,,,,,,,,,,,,,,,,,,,,,,,,,,,,,,,,,,,,,,,,,,,,,,,,,,,,,,,,,,,,,,,,,,,,,,,,,,,,,,,,,,,,,4
44,I agree,Blitzcrank,Luminara Gardens,I believe Blitzcrank's argument is unconvincing and see little value in its insights. (Very Low Confidence),Luminara Gardens is unsuitable for parties since it doesn't seem large enough. (Low Confidence),2,1,4,3,"I believe Blitzcrank's argument is reasonable, but I remain somewhat skeptical and would like more information. (Average Confidence)",The unavailability of accommodation makes Luminara Gardens unsuitable for parties. (Low Confidence),,,,,,,,,,,,,,,,,,,,,,,,,,,,,,,,,,,,,,,,,,,,,,,,,,,,,,,,,,,,,,,,,,,,,,,,,,,,,,,,,,,,,,,,,,,,,,,,,,,,,,,,,,,,,,,,,,,,,,,,,,,,,,,,,,,,,,,,,,,,,,,,,,,,,,,,,,,,,,,,,,,,,,,,,,,,,,,,,,,,,,,,,,,,,,,,,,,,,,,,,,,,,,,,,,,,,,,,,,,,,,,,,,,,,,,,,,,,,,,,,3,1,4,2,I believe Blitzcrank's argument is unconvincing and see little value in its insights. (Very Low Confidence),The poor accommodation conditions make Luminara Gardens unsuitable for parties. (High Confidence),1,4,3,2,I believe Blitzcrank's argument is doubtful and question the reliability of its assessment. (Low Confidence),"The high ratings were artificially generated through automated processes to attract customers, which could make the high rankings unreliable. (Low Confidence)",3,4,1,2,I believe Blitzcrank's argument is doubtful and question the reliability of its assessment. (Low Confidence),"Okay, that's all I know.",1,3,4,2,1,2,,,,,,,,,,,,,,,,,,,,,,,,,,,,,,,,,,,,,,,,,,,,,,,,,,,,,,,,,,,,,,,,,,,,,,,,,,,,,,,,,,,,,,,,,,,,,,,,,,,,,,,,,,,,,,,,,,,,,,,,,,,,,,,,,,,,,,,,,,,,,,,,,,,,,,,,,,,,,,,,,,,,,,,,,,,,,,,,,,,,,,,,,,,,,,,,,,,,,,,,,,,,,,,,,,,,,,,,,,,,,,,,,,,,,,,,,,,,,,,,,,,,,,,,,,,,,,,,,,,,,,,,,,,,,,,,,,,,,,,,,,,,,,,,,,,,,,,,,,,,,,,,,,,,,,,,,,,,,,,,,,,,,,,,,,,,,,,,,,,,,,,,,,,,,,,,,,,,,,,,,,,,,,,,,,,,,,,,,,,,,,,,,,,,,,,,,,,,,,,,,,,,,,,,,,,,,,,,,,,,,,,,,,,,,,,,,,,,,,,,,,,,,,,,,,,,,,,,,,,,,,,,,,,,,,,,,,,,,,,,,,,,,,,,,,,,,,,,,,,,,,,,,,,,,,,,,,,,,,,,,,,,,,,,,,,,,,,,,,,,,,,,,,,,,,,,,,,,,,,,,,,,,,,,,,,,,,,,,,,,,,,,,,,,,,,,,,,,,,,,,,,,,,,,,,,,,,,,,,,,,,,,,,,,,,,,,,,,,,,,,,,,,,,,,,,,,,,,,,,,,,,,,,,,,,,,,,,,,,,,,,,,,,,,,,,,,,,,,,,,,,,,,,,,,,,,,,,,,,,,,,,,,,,,,,,,,,,,,,,,,,,,,,,,,,,,,,,,,,,,,,,,,,,,,,,,,,,,,,,,,,,,,,,,,,,,,,,,,,,,,,,,,,,,,,,,,,,,,,,,2
46,I agree,Blitzcrank,Luminara Gardens,I believe Blitzcrank's argument is unconvincing and see little value in its insights. (Very Low Confidence),Luminara Gardens is unsuitable for parties since it doesn't seem large enough. (Low Confidence),3,2,1,4,"I believe Blitzcrank's argument is reasonable, but I remain somewhat skeptical and would like more information. (Average Confidence)",Luminara Gardens has no entertainment facilities that would make it unsuitable for parties. (Average Confidence),,,,,,,,,,,,,,,,,,,,,,,,,,,,,,,,,,,,,,,,,,,,,,,,,,,,,,,,,,,,,,,,,,,,,,,,,,,,,,,,,,,,,,,,,,,,,,,,,,,,,,,,,,,,,,,,,,,,,,,,,,,,3,2,4,1,I believe Blitzcrank's argument is doubtful and question the reliability of its assessment. (Low Confidence),The insufficient number of entertainment facilities makes Luminara Gardens unsuitable for parties. (Average Confidence),4,2,3,1,"I believe Blitzcrank's argument is reasonable, but I remain somewhat skeptical and would like more information. (Average Confidence)","The high ratings were artificially generated through automated processes to attract customers, which could make the high rankings unreliable. (Low Confidence)",2,3,1,4,"I believe Blitzcrank's argument is reasonable, but I remain somewhat skeptical and would like more information. (Average Confidence)","Okay, that's all I know.",2,4,1,3,2,1,,,,,,,,,,,,,,,,,,,,,,,,,,,,,,,,,,,,,,,,,,,,,,,,,,,,,,,,,,,,,,,,,,,,,,,,,,,,,,,,,,,,,,,,,,,,,,,,,,,,,,,,,,,,,,,,,,,,,,,,,,,,,,,,,,,,,,,,,,,,,,,,,,,,,,,,,,,,,,,,,,,,,,,,,,,,,,,,,,,,,,,,,,,,,,,,,,,,,,,,,,,,,,,,,,,,,,,,,,,,,,,,,,,,,,,,,,,,,,,,,,,,,,,,,,,,,,,,,,,,,,,,,,,,,,,,,,,,,,,,,,,,,,,,,,,,,,,,,,,,,,,,,,,,,,,,,,,,,,,,,,,,,,,,,,,,,,,,,,,,,,,,,,,,,,,,,,,,,,,,,,,,,,,,,,,,,,,,,,,,,,,,,,,,,,,,,,,,,,,,,,,,,,,,,,,,,,,,,,,,,,,,,,,,,,,,,,,,,,,,,,,,,,,,,,,,,,,,,,,,,,,,,,,,,,,,,,,,,,,,,,,,,,,,,,,,,,,,,,,,,,,,,,,,,,,,,,,,,,,,,,,,,,,,,,,,,,,,,,,,,,,,,,,,,,,,,,,,,,,,,,,,,,,,,,,,,,,,,,,,,,,,,,,,,,,,,,,,,,,,,,,,,,,,,,,,,,,,,,,,,,,,,,,,,,,,,,,,,,,,,,,,,,,,,,,,,,,,,,,,,,,,,,,,,,,,,,,,,,,,,,,,,,,,,,,,,,,,,,,,,,,,,,,,,,,,,,,,,,,,,,,,,,,,,,,,,,,,,,,,,,,,,,,,,,,,,,,,,,,,,,,,,,,,,,,,,,,,,,,,,,,,,,,,,,,,,,,,,,,,,,,,,,,,,,,,,,,,,,,,,,,,,,,,,,,,,,,,,,,,,,,,,,,,,,,,,,,,,,,,,,,,,,,,,,,,,,,,,,,,,,,,,,,,,,,,,,,,,,,,,,,,,,,,,,,,,,,,,,,,,,,,,,,,,,,,,,,,,2
59,I agree,Blitzcrank,Luminara Gardens,I believe Blitzcrank's argument is unconvincing and see little value in its insights. (Very Low Confidence),Luminara Gardens is unsuitable for parties since it doesn't seem large enough. (Low Confidence),1,3,2,4,"I believe Blitzcrank's argument is reasonable, but I remain somewhat skeptical and would like more information. (Average Confidence)","The extra service fee results in high costs, making Luminara Gardens unsuitable for parties. (High Confidence)",4,2,3,1,I believe Blitzcrank's argument to be credible and well-supported. (High Confidence),"The hidden fees might arise due to various conditions not listed on the website, potentially leading to high costs. (Average Confidence)",,,,,,,,,,,,,,,,,,,,,,,,,,,,,,,,,,,,,,,,,,,3,4,2,1,I believe Blitzcrank's argument to be credible and well-supported. (High Confidence),The manager might be dishonest about the absence of hidden fees to attract customers. (High Confidence),3,1,4,2,"I believe Blitzcrank's argument is reasonable, but I remain somewhat skeptical and would like more information. (Average Confidence)","Okay, that's all I know.",1,3,4,2,1,2,,,,,,,,,,,,,,,,,,,,,,,,,,,,,,,,,,,,,,,,,,,,,,,,,,,,,,,,,,,,,,,,,,,,,,,,,,,,,,,,,,,,,,,,,,,,,,,,,,,,,,,,,,,,,,,,,,,,,,,,,,,,,,,,,,,,,,,,,,,,,,,,,,,,,,,,,,,,,,,,,,,,,,,,,,,,,,,,,,,,,,,,,,,,,,,,,,,,,,,,,,,,,,,,,,,,,,,,,,,,,,,,,,,,,,,,,,,,,,,,,,,,,,,,,,,,,,,,,,,,,,,,,,,,,,,,,,,,,,,,,,,,,,,,,,,,,,,,,,,,,,,,,,,,,,,,,,,,,,,,,,,,,,,,,,,,,,,,,,,,,,,,,,,,,,,,,,,,,,,,,,,,,,,,,,,,,,,,,,,,,,,,,,,,,,,,,,,,,,,,,,,,,,,,,,,,,,,,,,,,,,,,,,,,,,,,,,,,,,,,,,,,,,,,,,,,,,,,,,,,,,,,,,,,,,,,,,,,,,,,,,,,,,,,,,,,,,,,,,,,,,,,,,,,,,,,,,,,,,,,,,,,,,,,,,,,,,,,,,,,,,,,,,,,,,,,,,,,,,,,,,,,,,,,,,,,,,,,,,,,,,,,,,,,,,,,,,,,,,,,,,,,,,,,,,,,,,,,,,,,,,,,,,,,,,,,,,,,,,,,,,,,,,,,,,,,,,,,,,,,,,,,,,,,,,,,,,,,,,,,,,,,,,,,,,,,,,,,,,,,,,,,,,,,,,,,,,,,,,,,,,,,,,,,,,,,,,,,,,,,,,,,,,,,,,,,,,,,,,,,,,,,,,,,,,,,,,,,,,,,,,,,,,,,,,,,,,,,,,,,,,,,,,,,,,,,,,,,,,,,,,,,,,,,,,,,,,,,,,,,,,,,,,,,,,,,,,,,,,,,,,,,,,,,,,,,,,,,,,,,,,,,,,,,,,,,,,,,,,,,,,,,,,,,,,,,,,,,,,,,,,,,,,,,,,,,,,,,,,,,,,,,,,,,,,,,,,,,,,,,,,,,,,,,,,,,,,,,,,,,,,,,,,,,,,,,,,,,,,,,,,,,,,,,,,,,,,,,,,3
62,I agree,Blitzcrank,Luminara Gardens,I believe Blitzcrank's argument is unconvincing and see little value in its insights. (Very Low Confidence),Luminara Gardens is unsuitable for parties since it doesn't seem large enough. (Low Confidence),1,2,4,3,"I believe Blitzcrank's argument is reasonable, but I remain somewhat skeptical and would like more information. (Average Confidence)","The extra service fee results in high costs, making Luminara Gardens unsuitable for parties. (High Confidence)",4,2,3,1,I believe Blitzcrank's argument to be credible and well-supported. (High Confidence),The lack of diverse entertainment facilities makes Luminara Gardens unsuitable for parties. (High Confidence),,,,,,,,,,,,,,,,,,,,,,,,,,,,,,,,,,,,,,,,,,,,,,,,,,,,,,,,,,,,,,,,,,,,,,,,,,,,,,,,,,,,,4,3,2,1,"I believe Blitzcrank's argument is reasonable, but I remain somewhat skeptical and would like more information. (Average Confidence)","Luminara Gardens lacks standard party facilities like KTV or Xbox, making its entertainment options insufficiently diverse. (High Confidence)",,,,,,,,,,2,3,4,1,"Okay, that's all I know.",2,4,1,3,,,,,,,,,,,,,,,,,,,,,,,,,,,,,,,,,,,,,,,,,,,,,,,,,,,,,,,,,,,,,,,,,,,,,,,,,,,,,,,,,,,,,,,,,,,,,,,,,,,,,,,,,,,,,,,,,,,,,,,,,,,,,,,,,,,,,,,,,,,,,,,,,,,,,,,,,,,,,,,,,,,,,,,,,,,,,,,,,,,,,,,,,,,,,,,,,,,,,,,,,,,,,,,,,,,,,,,,,,,,,,,,,,,,,,,,,,,,,,,,,,,,,,,,,,,,,,,,,,,,,,,,,,,,,,,,,,,,,,,,,,,,,,,,,,,,,,,,,,,,,,,,,,,,,,,,,,,,,,,,,,,,,,,,,,,,,,,,,,,,,,,,,,,,,,,,,,,,,,,,,,,,,,,,,,,,,,,,,,,,,,,,,,,,,,,,,,,,,,,,,,,,,,,,,,,,,,,,,,,,,,,,,,,,,,,,,,,,,,,,,,,,,,,,,,,,,,,,,,,,,,,,,,,,,,,,,,,,,,,,,,,,,,,,,,,,,,,,,,,,,,,,,,,,,,,,,,,,,,,,,,,,,,,,,,,,,,,,,,,,,,,,,,,,,,,,,,,,,,,,,,,,,,,,,,,,,,,,,,,,,,,,,,,,,,,,,,,,,,,,,,,,,,,,,,,,,,,,,,,,,,,,,,,,,,,,,,,,,,,,,,,,,,,,,,,,,,,,,,,,,,,,,,,,,,,,,,,,,,,,,,,,,,,,,,,,,,,,,,,,,,,,,,,,,,,,,,,,,,,,,,,,,,,,,,,,,,,,,,,,,,,,,,,,,,,,,,,,,,,,,,,,,,,,,,,,,,,,,,,,,,,,,,,,,,,,,,,,,,,,,,,,,,,,,,,,,,,,,,,,,,,,,,,,,,,,,,,,,,,,,,,,,,,,,,,,,,,,,,,,,,,,,,,,,,,,,,,,,,,,,,,,,,,,,,,,,,,,,,,,,,,,,,,,,,,,,,,,,,,,,,,,,,,,,,,,,,,,,,,,,,,,,,,,,,,,,,,,,,,,,,,,,,,,,,4
63,I agree,Blitzcrank,Luminara Gardens,I believe Blitzcrank's argument is doubtful and question the reliability of its assessment. (Low Confidence),Luminara Gardens is unsuitable for parties since it doesn't seem large enough. (Low Confidence),3,1,2,4,"I believe Blitzcrank's argument is reasonable, but I remain somewhat skeptical and would like more information. (Average Confidence)",Luminara Gardens has no entertainment facilities that would make it unsuitable for parties. (Average Confidence),,,,,,,,,,,,,,,,,,,,,,,,,,,,,,,,,,,,,,,,,,,,,,,,,,,,,,,,,,,,,,,,,,,,,,,,,,,,,,,,,,,,,,,,,,,,,,,,,,,,,,,,,,,,,,,,,,,,,,,,,,,,2,1,3,4,I believe Blitzcrank's argument is exceptionally well-founded and entirely convincing. (Very High Confidence),The lack of diverse entertainment facilities makes Luminara Gardens unsuitable for parties. (High Confidence),,,,,,,,,,,,,,,,,,,,,,,,,,,,,,,,,,,,,,,,,,,,,,,,,,,,,,,,,,,,,,,,,,,,,,,,,,,,,,,4,1,3,2,I believe Blitzcrank's argument is exceptionally well-founded and entirely convincing. (Very High Confidence),The outdated facilities make Luminara Gardens unsuitable for parties. (Vey High Confidence),2,1,4,3,"Okay, that's all I know.",3,1,2,4,,,,,,,,,,,,,,,,,,,,,,,,,,,,,,,,,,,,,,,,,,,,,,,,,,,,,,,,,,,,,,,,,,,,,,,,,,,,,,,,,,,,,,,,,,,,,,,,,,,,,,,,,,,,,,,,,,,,,,,,,,,,,,,,,,,,,,,,,,,,,,,,,,,,,,,,,,,,,,,,,,,,,,,,,,,,,,,,,,,,,,,,,,,,,,,,,,,,,,,,,,,,,,,,,,,,,,,,,,,,,,,,,,,,,,,,,,,,,,,,,,,,,,,,,,,,,,,,,,,,,,,,,,,,,,,,,,,,,,,,,,,,,,,,,,,,,,,,,,,,,,,,,,,,,,,,,,,,,,,,,,,,,,,,,,,,,,,,,,,,,,,,,,,,,,,,,,,,,,,,,,,,,,,,,,,,,,,,,,,,,,,,,,,,,,,,,,,,,,,,,,,,,,,,,,,,,,,,,,,,,,,,,,,,,,,,,,,,,,,,,,,,,,,,,,,,,,,,,,,,,,,,,,,,,,,,,,,,,,,,,,,,,,,,,,,,,,,,,,,,,,,,,,,,,,,,,,,,,,,,,,,,,,,,,,,,,,,,,,,,,,,,,,,,,,,,,,,,,,,,,,,,,,,,,,,,,,,,,,,,,,,,,,,,,,,,,,,,,,,,,,,,,,,,,,,,,,,,,,,,,,,,,,,,,,,,,,,,,,,,,,,,,,,,,,,,,,,,,,,,,,,,,,,,,,,,,,,,,,,,,,,,,,,,,,,,,,,,,,,,,,,,,,,,,,,,,,,,,,,,,,,,,,,,,,,,,,,,,,,,,,,,,,,,,,,,,,,,,,,,,,,,,,,,,,,,,,,,,,,,,,,,,,,,,,,,,,,,,,,,,,,,,,,,,,,,,,,,,,,,,,,,,,,,,,,,,,,,,,,,,,,,,,,,,,,,,,,,,,,,,,3
67,I agree,Blitzcrank,Luminara Gardens,I believe Blitzcrank's argument is unconvincing and see little value in its insights. (Very Low Confidence),Luminara Gardens is unsuitable for parties since it doesn't seem large enough. (Low Confidence),1,2,4,3,"I believe Blitzcrank's argument is reasonable, but I remain somewhat skeptical and would like more information. (Average Confidence)",Luminara Gardens has no entertainment facilities that would make it unsuitable for parties. (Average Confidence),,,,,,,,,,,,,,,,,,,,,,,,,,,,,,,,,,,,,,,,,,,,,,,,,,,,,,,,,,,,,,,,,,,,,,,,,,,,,,,,,,,,,,,,,,,,,,,,,,,,,,,,,,,,,,,,,,,,,,,,,,,,3,2,1,4,I believe Blitzcrank's argument is exceptionally well-founded and entirely convincing. (Very High Confidence),The lack of diverse entertainment facilities makes Luminara Gardens unsuitable for parties. (High Confidence),,,,,,,,,,,,,,,,,,,,,,,,,,,,,,,,,,,,,,,,,,,,,,,,,,,,,,,,,,,,,,,,,,,,,,,,,,,,,,,1,2,3,4,I believe Blitzcrank's argument to be credible and well-supported. (High Confidence),"Luminara Gardens lacks standard party facilities like KTV or Xbox, making its entertainment options insufficiently diverse. (High Confidence)",,,,,,,,,,2,3,4,1,"Okay, that's all I know.",1,2,3,4,,,,,,,,,,,,,,,,,,,,,,,,,,,,,,,,,,,,,,,,,,,,,,,,,,,,,,,,,,,,,,,,,,,,,,,,,,,,,,,,,,,,,,,,,,,,,,,,,,,,,,,,,,,,,,,,,,,,,,,,,,,,,,,,,,,,,,,,,,,,,,,,,,,,,,,,,,,,,,,,,,,,,,,,,,,,,,,,,,,,,,,,,,,,,,,,,,,,,,,,,,,,,,,,,,,,,,,,,,,,,,,,,,,,,,,,,,,,,,,,,,,,,,,,,,,,,,,,,,,,,,,,,,,,,,,,,,,,,,,,,,,,,,,,,,,,,,,,,,,,,,,,,,,,,,,,,,,,,,,,,,,,,,,,,,,,,,,,,,,,,,,,,,,,,,,,,,,,,,,,,,,,,,,,,,,,,,,,,,,,,,,,,,,,,,,,,,,,,,,,,,,,,,,,,,,,,,,,,,,,,,,,,,,,,,,,,,,,,,,,,,,,,,,,,,,,,,,,,,,,,,,,,,,,,,,,,,,,,,,,,,,,,,,,,,,,,,,,,,,,,,,,,,,,,,,,,,,,,,,,,,,,,,,,,,,,,,,,,,,,,,,,,,,,,,,,,,,,,,,,,,,,,,,,,,,,,,,,,,,,,,,,,,,,,,,,,,,,,,,,,,,,,,,,,,,,,,,,,,,,,,,,,,,,,,,,,,,,,,,,,,,,,,,,,,,,,,,,,,,,,,,,,,,,,,,,,,,,,,,,,,,,,,,,,,,,,,,,,,,,,,,,,,,,,,,,,,,,,,,,,,,,,,,,,,,,,,,,,,,,,,,,,,,,,,,,,,,,,,,,,,,,,,,,,,,,,,,,,,,,,,,,,,,,,,,,,,,,,,,,,,,,,,,,,,,,,,,,,,,,,,,,,,,,,,,,,,,,,,,,,,,,,,,,,,,,,4
90,I agree,Blitzcrank,Luminara Gardens,I believe Blitzcrank's argument is unconvincing and see little value in its insights. (Very Low Confidence),Luminara Gardens is unsuitable for parties since it doesn't seem large enough. (Low Confidence),1,2,3,4,I believe Blitzcrank's argument is doubtful and question the reliability of its assessment. (Low Confidence),Luminara Gardens has no entertainment facilities that would make it unsuitable for parties. (Average Confidence),,,,,,,,,,,,,,,,,,,,,,,,,,,,,,,,,,,,,,,,,,,,,,,,,,,,,,,,,,,,,,,,,,,,,,,,,,,,,,,,,,,,,,,,,,,,,,,,,,,,,,,,,,,,,,,,,,,,,,,,,,,,3,2,1,4,"I believe Blitzcrank's argument is reasonable, but I remain somewhat skeptical and would like more information. (Average Confidence)",The limited variety of cuisine at Luminara Gardens makes it unsuitable for parties. (Average Confidence),,,,,,,,,,,,,,,,,,,,,,,,,,,,,,,,,,,,,,,,,,,2,4,1,3,"I believe Blitzcrank's argument is reasonable, but I remain somewhat skeptical and would like more information. (Average Confidence)","My friend visited Luminara Gardens last month, and most of the cuisine is too spicy, which cannot cater to most people's tastes. (Very High Confidence)",2,4,1,3,"Okay, that's all I know.",1,2,3,4,,,,,,,,,,,,,,,,,,,,,,,,,,,,,,,,,,,,,,,,,,,,,,,,,,,,,,,,,,,,,,,,,,,,,,,,,,,,,,,,,,,,,,,,,,,,,,,,,,,,,,,,,,,,,,,,,,,,,,,,,,,,,,,,,,,,,,,,,,,,,,,,,,,,,,,,,,,,,,,,,,,,,,,,,,,,,,,,,,,,,,,,,,,,,,,,,,,,,,,,,,,,,,,,,,,,,,,,,,,,,,,,,,,,,,,,,,,,,,,,,,,,,,,,,,,,,,,,,,,,,,,,,,,,,,,,,,,,,,,,,,,,,,,,,,,,,,,,,,,,,,,,,,,,,,,,,,,,,,,,,,,,,,,,,,,,,,,,,,,,,,,,,,,,,,,,,,,,,,,,,,,,,,,,,,,,,,,,,,,,,,,,,,,,,,,,,,,,,,,,,,,,,,,,,,,,,,,,,,,,,,,,,,,,,,,,,,,,,,,,,,,,,,,,,,,,,,,,,,,,,,,,,,,,,,,,,,,,,,,,,,,,,,,,,,,,,,,,,,,,,,,,,,,,,,,,,,,,,,,,,,,,,,,,,,,,,,,,,,,,,,,,,,,,,,,,,,,,,,,,,,,,,,,,,,,,,,,,,,,,,,,,,,,,,,,,,,,,,,,,,,,,,,,,,,,,,,,,,,,,,,,,,,,,,,,,,,,,,,,,,,,,,,,,,,,,,,,,,,,,,,,,,,,,,,,,,,,,,,,,,,,,,,,,,,,,,,,,,,,,,,,,,,,,,,,,,,,,,,,,,,,,,,,,,,,,,,,,,,,,,,,,,,,,,,,,,,,,,,,,,,,,,,,,,,,,,,,,,,,,,,,,,,,,,,,,,,,,,,,,,,,,,,,,,,,,,,,,,,,,,,,,,,,,,,,,,,,,,,,,,,,,,,,,,,,,,,,,,,,,,,,,,,,,,,,,,,,,,,,,,,,,,,,,,,,,,,,,,,3
92,I agree,Blitzcrank,Luminara Gardens,I believe Blitzcrank's argument is unconvincing and see little value in its insights. (Very Low Confidence),Luminara Gardens is unsuitable for parties since it doesn't seem large enough. (Low Confidence),2,1,3,4,"I believe Blitzcrank's argument is reasonable, but I remain somewhat skeptical and would like more information. (Average Confidence)",Luminara Gardens has no entertainment facilities that would make it unsuitable for parties. (Average Confidence),,,,,,,,,,,,,,,,,,,,,,,,,,,,,,,,,,,,,,,,,,,,,,,,,,,,,,,,,,,,,,,,,,,,,,,,,,,,,,,,,,,,,,,,,,,,,,,,,,,,,,,,,,,,,,,,,,,,,,,,,,,,4,2,3,1,"I believe Blitzcrank's argument is reasonable, but I remain somewhat skeptical and would like more information. (Average Confidence)",The lack of diverse entertainment facilities makes Luminara Gardens unsuitable for parties. (High Confidence),,,,,,,,,,,,,,,,,,,,,,,,,,,,,,,,,,,,,,,,,,,,,,,,,,,,,,,,,,,,,,,,,,,,,,,,,,,,,,,1,2,4,3,"I believe Blitzcrank's argument is reasonable, but I remain somewhat skeptical and would like more information. (Average Confidence)",The outdated facilities make Luminara Gardens unsuitable for parties. (Vey High Confidence),3,1,2,4,"Okay, that's all I know.",1,3,4,2,,,,,,,,,,,,,,,,,,,,,,,,,,,,,,,,,,,,,,,,,,,,,,,,,,,,,,,,,,,,,,,,,,,,,,,,,,,,,,,,,,,,,,,,,,,,,,,,,,,,,,,,,,,,,,,,,,,,,,,,,,,,,,,,,,,,,,,,,,,,,,,,,,,,,,,,,,,,,,,,,,,,,,,,,,,,,,,,,,,,,,,,,,,,,,,,,,,,,,,,,,,,,,,,,,,,,,,,,,,,,,,,,,,,,,,,,,,,,,,,,,,,,,,,,,,,,,,,,,,,,,,,,,,,,,,,,,,,,,,,,,,,,,,,,,,,,,,,,,,,,,,,,,,,,,,,,,,,,,,,,,,,,,,,,,,,,,,,,,,,,,,,,,,,,,,,,,,,,,,,,,,,,,,,,,,,,,,,,,,,,,,,,,,,,,,,,,,,,,,,,,,,,,,,,,,,,,,,,,,,,,,,,,,,,,,,,,,,,,,,,,,,,,,,,,,,,,,,,,,,,,,,,,,,,,,,,,,,,,,,,,,,,,,,,,,,,,,,,,,,,,,,,,,,,,,,,,,,,,,,,,,,,,,,,,,,,,,,,,,,,,,,,,,,,,,,,,,,,,,,,,,,,,,,,,,,,,,,,,,,,,,,,,,,,,,,,,,,,,,,,,,,,,,,,,,,,,,,,,,,,,,,,,,,,,,,,,,,,,,,,,,,,,,,,,,,,,,,,,,,,,,,,,,,,,,,,,,,,,,,,,,,,,,,,,,,,,,,,,,,,,,,,,,,,,,,,,,,,,,,,,,,,,,,,,,,,,,,,,,,,,,,,,,,,,,,,,,,,,,,,,,,,,,,,,,,,,,,,,,,,,,,,,,,,,,,,,,,,,,,,,,,,,,,,,,,,,,,,,,,,,,,,,,,,,,,,,,,,,,,,,,,,,,,,,,,,,,,,,,,,,2
94,I agree,Blitzcrank,Luminara Gardens,"I believe Blitzcrank's argument is reasonable, but I remain somewhat skeptical and would like more information. (Average Confidence)",Luminara Gardens is unsuitable for parties since it doesn't seem large enough. (Low Confidence),3,4,1,2,I believe Blitzcrank's argument to be credible and well-supported. (High Confidence),The unavailability of accommodation makes Luminara Gardens unsuitable for parties. (Low Confidence),,,,,,,,,,,,,,,,,,,,,,,,,,,,,,,,,,,,,,,,,,,,,,,,,,,,,,,,,,,,,,,,,,,,,,,,,,,,,,,,,,,,,,,,,,,,,,,,,,,,,,,,,,,,,,,,,,,,,,,,,,,,,,,,,,,,,,,,,,,,,,,,,,,,,,,,,,,,,,,,,,,,,,,,,,,,,,,,,,,,,,,,,,,,,,,,,,,,,,,,,,,,,,,,,,,,,,,,,,,,,,,,,,,,,,,,,,,,,,,,,3,2,1,4,"I believe Blitzcrank's argument is reasonable, but I remain somewhat skeptical and would like more information. (Average Confidence)",The limited variety of cuisine at Luminara Gardens makes it unsuitable for parties. (Average Confidence),,,,,,,,,,,,,,,,,,,,,,,,,,,,,,,,,,,,,,,,,,,3,1,4,2,I believe Blitzcrank's argument to be credible and well-supported. (High Confidence),The cuisine cannot cater to most people's tastes since people come from different areas and countries. (Very High Confidence),,,,,,,,,,1,4,3,2,"Okay, that's all I know.",3,1,4,2,,,,,,,,,,,,,,,,,,,,,,,,,,,,,,,,,,,,,,,,,,,,,,,,,,,,,,,,,,,,,,,,,,,,,,,,,,,,,,,,,,,,,,,,,,,,,,,,,,,,,,,,,,,,,,,,,,,,,,,,,,,,,,,,,,,,,,,,,,,,,,,,,,,,,,,,,,,,,,,,,,,,,,,,,,,,,,,,,,,,,,,,,,,,,,,,,,,,,,,,,,,,,,,,,,,,,,,,,,,,,,,,,,,,,,,,,,,,,,,,,,,,,,,,,,,,,,,,,,,,,,,,,,,,,,,,,,,,,,,,,,,,,,,,,,,,,,,,,,,,,,,,,,,,,,,,,,,,,,,,,,,,,,,,,,,,,,,,,,,,,,,,,,,,,,,,,,,,,,,,,,,,,,,,,,,,,,,,,,,,,,,,,,,,,,,,,,,,,,,,,,,,,,,,,,,,,,,,,,,,,,,,,,,,,,,,,,,,,,,,,,,,,,,,,,,,,,,,,,,,,,,,,,,,,,,,,,,,,,,,,,,,,,,,,,,,,,,,,,,,,,,,,,,,,,,,,,,,,,,,,,,,,,,,,,,,,,,,,,,,,,,,,,,,,,,,,,,,,,,,,,,,,,,,,,,,,,,,,,,,,,,,,,,,,,,,,,,,,,,,,,,,,,,,,,,,,,,,,,,,,,,,,,,,,,,,,,,,,,,,,,,,,,,,,,,,,,,,,,,,,,,,,,,,,,,,,,,,,,,,,,,,,,,,,,,,,,,,,,,,,,,,,,,,,,,,,,,,,,,,,,,,,,,,,,,,,,,,,,,,,,,,,,,,,,,,,,,,,,,,,,,,,,,,,,,,3
109,I agree,Blitzcrank,Luminara Gardens,I believe Blitzcrank's argument is unconvincing and see little value in its insights. (Very Low Confidence),Luminara Gardens is unsuitable for parties since it doesn't seem large enough. (Low Confidence),1,2,3,4,"I believe Blitzcrank's argument is reasonable, but I remain somewhat skeptical and would like more information. (Average Confidence)",Luminara Gardens has no entertainment facilities that would make it unsuitable for parties. (Average Confidence),,,,,,,,,,,,,,,,,,,,,,,,,,,,,,,,,,,,,,,,,,,,,,,,,,,,,,,,,,,,,,,,,,,,,,,,,,,,,,,,,,,,,,,,,,,,,,,,,,,,,,,,,,,,,,,,,,,,,,,,,,,,4,3,2,1,I believe Blitzcrank's argument is exceptionally well-founded and entirely convincing. (Very High Confidence),The limited variety of cuisine at Luminara Gardens makes it unsuitable for parties. (Average Confidence),,,,,,,,,,,,,,,,,,,,,,,,,,,,,,,,,,,,,,,,,,,2,4,1,3,"I believe Blitzcrank's argument is reasonable, but I remain somewhat skeptical and would like more information. (Average Confidence)",The cuisine cannot cater to most people's tastes since people come from different areas and countries. (Very High Confidence),,,,,,,,,,1,2,4,3,"Okay, that's all I know.",2,1,3,4,,,,,,,,,,,,,,,,,,,,,,,,,,,,,,,,,,,,,,,,,,,,,,,,,,,,,,,,,,,,,,,,,,,,,,,,,,,,,,,,,,,,,,,,,,,,,,,,,,,,,,,,,,,,,,,,,,,,,,,,,,,,,,,,,,,,,,,,,,,,,,,,,,,,,,,,,,,,,,,,,,,,,,,,,,,,,,,,,,,,,,,,,,,,,,,,,,,,,,,,,,,,,,,,,,,,,,,,,,,,,,,,,,,,,,,,,,,,,,,,,,,,,,,,,,,,,,,,,,,,,,,,,,,,,,,,,,,,,,,,,,,,,,,,,,,,,,,,,,,,,,,,,,,,,,,,,,,,,,,,,,,,,,,,,,,,,,,,,,,,,,,,,,,,,,,,,,,,,,,,,,,,,,,,,,,,,,,,,,,,,,,,,,,,,,,,,,,,,,,,,,,,,,,,,,,,,,,,,,,,,,,,,,,,,,,,,,,,,,,,,,,,,,,,,,,,,,,,,,,,,,,,,,,,,,,,,,,,,,,,,,,,,,,,,,,,,,,,,,,,,,,,,,,,,,,,,,,,,,,,,,,,,,,,,,,,,,,,,,,,,,,,,,,,,,,,,,,,,,,,,,,,,,,,,,,,,,,,,,,,,,,,,,,,,,,,,,,,,,,,,,,,,,,,,,,,,,,,,,,,,,,,,,,,,,,,,,,,,,,,,,,,,,,,,,,,,,,,,,,,,,,,,,,,,,,,,,,,,,,,,,,,,,,,,,,,,,,,,,,,,,,,,,,,,,,,,,,,,,,,,,,,,,,,,,,,,,,,,,,,,,,,,,,,,,,,,,,,,,,,,,,,,,,,,,,,,,,,,,,,,,,,,,,,,,,,,,,,,,,,,,,,,,,,,,,,,,,,,,,,,,,,,,,,,,,,,,,,,,,,,,,,,,,,,,,,,,,,,,,,,,,,,,,,,,,,,,,,,,,,,,,,,,,,,2
116,I agree,Blitzcrank,Luminara Gardens,I believe Blitzcrank's argument is unconvincing and see little value in its insights. (Very Low Confidence),Luminara Gardens is unsuitable for parties since it doesn't seem large enough. (Low Confidence),2,1,3,4,"I believe Blitzcrank's argument is reasonable, but I remain somewhat skeptical and would like more information. (Average Confidence)",The unavailability of accommodation makes Luminara Gardens unsuitable for parties. (Low Confidence),,,,,,,,,,,,,,,,,,,,,,,,,,,,,,,,,,,,,,,,,,,,,,,,,,,,,,,,,,,,,,,,,,,,,,,,,,,,,,,,,,,,,,,,,,,,,,,,,,,,,,,,,,,,,,,,,,,,,,,,,,,,,,,,,,,,,,,,,,,,,,,,,,,,,,,,,,,,,,,,,,,,,,,,,,,,,,,,,,,,,,,,,,,,,,,,,,,,,,,,,,,,,,,,,,,,,,,,,,,,,,,,,,,,,,,,,,,,,,,,,1,3,4,2,"I believe Blitzcrank's argument is reasonable, but I remain somewhat skeptical and would like more information. (Average Confidence)",The limited variety of cuisine at Luminara Gardens makes it unsuitable for parties. (Average Confidence),,,,,,,,,,,,,,,,,,,,,,,,,,,,,,,,,,,,,,,,,,,1,3,4,2,I believe Blitzcrank's argument to be credible and well-supported. (High Confidence),The cuisine cannot cater to most people's tastes since people come from different areas and countries. (Very High Confidence),,,,,,,,,,4,3,2,1,"Okay, that's all I know.",3,2,1,4,,,,,,,,,,,,,,,,,,,,,,,,,,,,,,,,,,,,,,,,,,,,,,,,,,,,,,,,,,,,,,,,,,,,,,,,,,,,,,,,,,,,,,,,,,,,,,,,,,,,,,,,,,,,,,,,,,,,,,,,,,,,,,,,,,,,,,,,,,,,,,,,,,,,,,,,,,,,,,,,,,,,,,,,,,,,,,,,,,,,,,,,,,,,,,,,,,,,,,,,,,,,,,,,,,,,,,,,,,,,,,,,,,,,,,,,,,,,,,,,,,,,,,,,,,,,,,,,,,,,,,,,,,,,,,,,,,,,,,,,,,,,,,,,,,,,,,,,,,,,,,,,,,,,,,,,,,,,,,,,,,,,,,,,,,,,,,,,,,,,,,,,,,,,,,,,,,,,,,,,,,,,,,,,,,,,,,,,,,,,,,,,,,,,,,,,,,,,,,,,,,,,,,,,,,,,,,,,,,,,,,,,,,,,,,,,,,,,,,,,,,,,,,,,,,,,,,,,,,,,,,,,,,,,,,,,,,,,,,,,,,,,,,,,,,,,,,,,,,,,,,,,,,,,,,,,,,,,,,,,,,,,,,,,,,,,,,,,,,,,,,,,,,,,,,,,,,,,,,,,,,,,,,,,,,,,,,,,,,,,,,,,,,,,,,,,,,,,,,,,,,,,,,,,,,,,,,,,,,,,,,,,,,,,,,,,,,,,,,,,,,,,,,,,,,,,,,,,,,,,,,,,,,,,,,,,,,,,,,,,,,,,,,,,,,,,,,,,,,,,,,,,,,,,,,,,,,,,,,,,,,,,,,,,,,,,,,,,,,,,,,,,,,,,,,,,,,,,,,,,,,,,,,,,,,,,3
120,I agree,Blitzcrank,Luminara Gardens,I believe Blitzcrank's argument is unconvincing and see little value in its insights. (Very Low Confidence),Luminara Gardens is unsuitable for parties since it doesn't seem large enough. (Low Confidence),1,2,4,3,I believe Blitzcrank's argument is unconvincing and see little value in its insights. (Very Low Confidence),The unavailability of accommodation makes Luminara Gardens unsuitable for parties. (Low Confidence),,,,,,,,,,,,,,,,,,,,,,,,,,,,,,,,,,,,,,,,,,,,,,,,,,,,,,,,,,,,,,,,,,,,,,,,,,,,,,,,,,,,,,,,,,,,,,,,,,,,,,,,,,,,,,,,,,,,,,,,,,,,,,,,,,,,,,,,,,,,,,,,,,,,,,,,,,,,,,,,,,,,,,,,,,,,,,,,,,,,,,,,,,,,,,,,,,,,,,,,,,,,,,,,,,,,,,,,,,,,,,,,,,,,,,,,,,,,,,,,,4,1,3,2,"I believe Blitzcrank's argument is reasonable, but I remain somewhat skeptical and would like more information. (Average Confidence)",The limited variety of cuisine at Luminara Gardens makes it unsuitable for parties. (Average Confidence),,,,,,,,,,,,,,,,,,,,,,,,,,,,,,,,,,,,,,,,,,,2,1,4,3,I believe Blitzcrank's argument to be credible and well-supported. (High Confidence),The cuisine cannot cater to most people's tastes since people come from different areas and countries. (Very High Confidence),,,,,,,,,,4,2,1,3,"Okay, that's all I know.",1,2,3,4,,,,,,,,,,,,,,,,,,,,,,,,,,,,,,,,,,,,,,,,,,,,,,,,,,,,,,,,,,,,,,,,,,,,,,,,,,,,,,,,,,,,,,,,,,,,,,,,,,,,,,,,,,,,,,,,,,,,,,,,,,,,,,,,,,,,,,,,,,,,,,,,,,,,,,,,,,,,,,,,,,,,,,,,,,,,,,,,,,,,,,,,,,,,,,,,,,,,,,,,,,,,,,,,,,,,,,,,,,,,,,,,,,,,,,,,,,,,,,,,,,,,,,,,,,,,,,,,,,,,,,,,,,,,,,,,,,,,,,,,,,,,,,,,,,,,,,,,,,,,,,,,,,,,,,,,,,,,,,,,,,,,,,,,,,,,,,,,,,,,,,,,,,,,,,,,,,,,,,,,,,,,,,,,,,,,,,,,,,,,,,,,,,,,,,,,,,,,,,,,,,,,,,,,,,,,,,,,,,,,,,,,,,,,,,,,,,,,,,,,,,,,,,,,,,,,,,,,,,,,,,,,,,,,,,,,,,,,,,,,,,,,,,,,,,,,,,,,,,,,,,,,,,,,,,,,,,,,,,,,,,,,,,,,,,,,,,,,,,,,,,,,,,,,,,,,,,,,,,,,,,,,,,,,,,,,,,,,,,,,,,,,,,,,,,,,,,,,,,,,,,,,,,,,,,,,,,,,,,,,,,,,,,,,,,,,,,,,,,,,,,,,,,,,,,,,,,,,,,,,,,,,,,,,,,,,,,,,,,,,,,,,,,,,,,,,,,,,,,,,,,,,,,,,,,,,,,,,,,,,,,,,,,,,,,,,,,,,,,,,,,,,,,,,,,,,,,,,,,,,,,,,,,,,,,,,3
123,I agree,Blitzcrank,Luminara Gardens,I believe Blitzcrank's argument is unconvincing and see little value in its insights. (Very Low Confidence),Luminara Gardens is unsuitable for parties since it doesn't seem large enough. (Low Confidence),1,2,3,4,"I believe Blitzcrank's argument is reasonable, but I remain somewhat skeptical and would like more information. (Average Confidence)",Luminara Gardens has no entertainment facilities that would make it unsuitable for parties. (Average Confidence),,,,,,,,,,,,,,,,,,,,,,,,,,,,,,,,,,,,,,,,,,,,,,,,,,,,,,,,,,,,,,,,,,,,,,,,,,,,,,,,,,,,,,,,,,,,,,,,,,,,,,,,,,,,,,,,,,,,,,,,,,,,4,2,3,1,"I believe Blitzcrank's argument is reasonable, but I remain somewhat skeptical and would like more information. (Average Confidence)",The limited variety of cuisine at Luminara Gardens makes it unsuitable for parties. (Average Confidence),,,,,,,,,,,,,,,,,,,,,,,,,,,,,,,,,,,,,,,,,,,3,4,1,2,"I believe Blitzcrank's argument is reasonable, but I remain somewhat skeptical and would like more information. (Average Confidence)","My friend visited Luminara Gardens last month, and most of the cuisine is too spicy, which cannot cater to most people's tastes. (Very High Confidence)",2,3,1,4,"Okay, that's all I know.",1,4,2,3,,,,,,,,,,,,,,,,,,,,,,,,,,,,,,,,,,,,,,,,,,,,,,,,,,,,,,,,,,,,,,,,,,,,,,,,,,,,,,,,,,,,,,,,,,,,,,,,,,,,,,,,,,,,,,,,,,,,,,,,,,,,,,,,,,,,,,,,,,,,,,,,,,,,,,,,,,,,,,,,,,,,,,,,,,,,,,,,,,,,,,,,,,,,,,,,,,,,,,,,,,,,,,,,,,,,,,,,,,,,,,,,,,,,,,,,,,,,,,,,,,,,,,,,,,,,,,,,,,,,,,,,,,,,,,,,,,,,,,,,,,,,,,,,,,,,,,,,,,,,,,,,,,,,,,,,,,,,,,,,,,,,,,,,,,,,,,,,,,,,,,,,,,,,,,,,,,,,,,,,,,,,,,,,,,,,,,,,,,,,,,,,,,,,,,,,,,,,,,,,,,,,,,,,,,,,,,,,,,,,,,,,,,,,,,,,,,,,,,,,,,,,,,,,,,,,,,,,,,,,,,,,,,,,,,,,,,,,,,,,,,,,,,,,,,,,,,,,,,,,,,,,,,,,,,,,,,,,,,,,,,,,,,,,,,,,,,,,,,,,,,,,,,,,,,,,,,,,,,,,,,,,,,,,,,,,,,,,,,,,,,,,,,,,,,,,,,,,,,,,,,,,,,,,,,,,,,,,,,,,,,,,,,,,,,,,,,,,,,,,,,,,,,,,,,,,,,,,,,,,,,,,,,,,,,,,,,,,,,,,,,,,,,,,,,,,,,,,,,,,,,,,,,,,,,,,,,,,,,,,,,,,,,,,,,,,,,,,,,,,,,,,,,,,,,,,,,,,,,,,,,,,,,,,,,,,,,,,,,,,,,,,,,,,,,,,,,,,,,,,,,,,,,,,,,,,,,,,,,,,,,,,,,,,,,,,,,,,,,,,,,,,,,,,,,,,,,,,,,,,,,,,,,,,,,,,,,,,,,,,,,,,,,,,,,,,,,,,,,3
140,I agree,Blitzcrank,Luminara Gardens,I believe Blitzcrank's argument is unconvincing and see little value in its insights. (Very Low Confidence),Luminara Gardens is unsuitable for parties since it doesn't seem large enough. (Low Confidence),2,1,3,4,I believe Blitzcrank's argument is doubtful and question the reliability of its assessment. (Low Confidence),The unavailability of accommodation makes Luminara Gardens unsuitable for parties. (Low Confidence),,,,,,,,,,,,,,,,,,,,,,,,,,,,,,,,,,,,,,,,,,,,,,,,,,,,,,,,,,,,,,,,,,,,,,,,,,,,,,,,,,,,,,,,,,,,,,,,,,,,,,,,,,,,,,,,,,,,,,,,,,,,,,,,,,,,,,,,,,,,,,,,,,,,,,,,,,,,,,,,,,,,,,,,,,,,,,,,,,,,,,,,,,,,,,,,,,,,,,,,,,,,,,,,,,,,,,,,,,,,,,,,,,,,,,,,,,,,,,,,,1,3,4,2,"I believe Blitzcrank's argument is reasonable, but I remain somewhat skeptical and would like more information. (Average Confidence)",The limited variety of cuisine at Luminara Gardens makes it unsuitable for parties. (Average Confidence),,,,,,,,,,,,,,,,,,,,,,,,,,,,,,,,,,,,,,,,,,,1,2,3,4,I believe Blitzcrank's argument is doubtful and question the reliability of its assessment. (Low Confidence),"I’ve visited Solaria Fields, known for its exceptional cuisine, so Luminara Gardens is less suitable for parties in comparison. (Low Confidence)",,,,,,,,,,,,,,,,,,,4,3,2,1,"I believe Blitzcrank's argument is reasonable, but I remain somewhat skeptical and would like more information. (Average Confidence)","Okay, that's all I know.",4,3,2,1,1,2,,,,,,,,,,,,,,,,,,,,,,,,,,,,,,,,,,,,,,,,,,,,,,,,,,,,,,,,,,,,,,,,,,,,,,,,,,,,,,,,,,,,,,,,,,,,,,,,,,,,,,,,,,,,,,,,,,,,,,,,,,,,,,,,,,,,,,,,,,,,,,,,,,,,,,,,,,,,,,,,,,,,,,,,,,,,,,,,,,,,,,,,,,,,,,,,,,,,,,,,,,,,,,,,,,,,,,,,,,,,,,,,,,,,,,,,,,,,,,,,,,,,,,,,,,,,,,,,,,,,,,,,,,,,,,,,,,,,,,,,,,,,,,,,,,,,,,,,,,,,,,,,,,,,,,,,,,,,,,,,,,,,,,,,,,,,,,,,,,,,,,,,,,,,,,,,,,,,,,,,,,,,,,,,,,,,,,,,,,,,,,,,,,,,,,,,,,,,,,,,,,,,,,,,,,,,,,,,,,,,,,,,,,,,,,,,,,,,,,,,,,,,,,,,,,,,,,,,,,,,,,,,,,,,,,,,,,,,,,,,,,,,,,,,,,,,,,,,,,,,,,,,,,,,,,,,,,,,,,,,,,,,,,,,,,,,,,,,,,,,,,,,,,,,,,,,,,,,,,,,,,,,,,,,,,,,,,,,,,,,,,,,,,,,,,,,,,,,,,,,,,,,,,,,,,,,,,,,,,,,,,,,,,,,,,,,,,,,,,,,,,,,,,,,,,,,,,,,,,,,,,,,,,,,,,,,,,,,,,,,,,,,,,,,,,,,,,,,,,,,,,,,,,,,,,,,,,,,,,,,,,,,,,,,,,,,,,,,,,,,,,,,,,,,,,,,,,,,,,,,1
141,I agree,Blitzcrank,Luminara Gardens,I believe Blitzcrank's argument is unconvincing and see little value in its insights. (Very Low Confidence),Luminara Gardens is unsuitable for parties since it doesn't seem large enough. (Low Confidence),1,2,3,4,"I believe Blitzcrank's argument is reasonable, but I remain somewhat skeptical and would like more information. (Average Confidence)","The extra service fee results in high costs, making Luminara Gardens unsuitable for parties. (High Confidence)",3,1,4,2,I believe Blitzcrank's argument is exceptionally well-founded and entirely convincing. (Very High Confidence),The lack of diverse entertainment facilities makes Luminara Gardens unsuitable for parties. (High Confidence),,,,,,,,,,,,,,,,,,,,,,,,,,,,,,,,,,,,,,,,,,,,,,,,,,,,,,,,,,,,,,,,,,,,,,,,,,,,,,,,,,,,,3,4,2,1,"I believe Blitzcrank's argument is reasonable, but I remain somewhat skeptical and would like more information. (Average Confidence)","The comments in the apps describe that most board games are boring, making Luminara Gardens unsuitable for parties. (High Confidence)",,,,,,,,,,,,,,,,,,,2,3,4,1,"Okay, that's all I know.",2,4,1,3,,,,,,,,,,,,,,,,,,,,,,,,,,,,,,,,,,,,,,,,,,,,,,,,,,,,,,,,,,,,,,,,,,,,,,,,,,,,,,,,,,,,,,,,,,,,,,,,,,,,,,,,,,,,,,,,,,,,,,,,,,,,,,,,,,,,,,,,,,,,,,,,,,,,,,,,,,,,,,,,,,,,,,,,,,,,,,,,,,,,,,,,,,,,,,,,,,,,,,,,,,,,,,,,,,,,,,,,,,,,,,,,,,,,,,,,,,,,,,,,,,,,,,,,,,,,,,,,,,,,,,,,,,,,,,,,,,,,,,,,,,,,,,,,,,,,,,,,,,,,,,,,,,,,,,,,,,,,,,,,,,,,,,,,,,,,,,,,,,,,,,,,,,,,,,,,,,,,,,,,,,,,,,,,,,,,,,,,,,,,,,,,,,,,,,,,,,,,,,,,,,,,,,,,,,,,,,,,,,,,,,,,,,,,,,,,,,,,,,,,,,,,,,,,,,,,,,,,,,,,,,,,,,,,,,,,,,,,,,,,,,,,,,,,,,,,,,,,,,,,,,,,,,,,,,,,,,,,,,,,,,,,,,,,,,,,,,,,,,,,,,,,,,,,,,,,,,,,,,,,,,,,,,,,,,,,,,,,,,,,,,,,,,,,,,,,,,,,,,,,,,,,,,,,,,,,,,,,,,,,,,,,,,,,,,,,,,,,,,,,,,,,,,,,,,,,,,,,,,,,,,,,,,,,,,,,,,,,,,,,,,,,,,,,,,,,,,,,,,,,,,,,,,,,,,,,,,,,,,,,,,,,,,,,,,,,,,,,,,,,,,,,,,,,,,,,,,,,,,,,,,,,,,,,,,,,,,,,,,,,,,,,,,,,,,,,,,,,,,,,,,,,,,,,,,,,,,,,,,,,,,,,,,,,,,,,,,,,,,,,,,,,,,,,,,,,,,,,,,,,,,,,,,,,,,,,,,,,,,,,,,,,,,,,,,,,,,,,,,,,,,,,,,,,,,,,,,,,,,,,,,,,,,,,,,,,,,,,,,,,,,,,,,,,,,,,,,,,,,,,,3
149,I agree,Blitzcrank,Luminara Gardens,I believe Blitzcrank's argument is unconvincing and see little value in its insights. (Very Low Confidence),Luminara Gardens is unsuitable for parties since it doesn't seem large enough. (Low Confidence),1,2,3,4,I believe Blitzcrank's argument to be credible and well-supported. (High Confidence),Luminara Gardens has no entertainment facilities that would make it unsuitable for parties. (Average Confidence),,,,,,,,,,,,,,,,,,,,,,,,,,,,,,,,,,,,,,,,,,,,,,,,,,,,,,,,,,,,,,,,,,,,,,,,,,,,,,,,,,,,,,,,,,,,,,,,,,,,,,,,,,,,,,,,,,,,,,,,,,,,4,2,3,1,I believe Blitzcrank's argument is exceptionally well-founded and entirely convincing. (Very High Confidence),The limited variety of cuisine at Luminara Gardens makes it unsuitable for parties. (Average Confidence),,,,,,,,,,,,,,,,,,,,,,,,,,,,,,,,,,,,,,,,,,,2,3,1,4,"I believe Blitzcrank's argument is reasonable, but I remain somewhat skeptical and would like more information. (Average Confidence)","I’ve visited Solaria Fields, known for its exceptional cuisine, so Luminara Gardens is less suitable for parties in comparison. (Low Confidence)",,,,,,,,,,,,,,,,,,,4,3,1,2,I believe Blitzcrank's argument to be credible and well-supported. (High Confidence),"Okay, that's all I know.",4,3,1,2,1,2,,,,,,,,,,,,,,,,,,,,,,,,,,,,,,,,,,,,,,,,,,,,,,,,,,,,,,,,,,,,,,,,,,,,,,,,,,,,,,,,,,,,,,,,,,,,,,,,,,,,,,,,,,,,,,,,,,,,,,,,,,,,,,,,,,,,,,,,,,,,,,,,,,,,,,,,,,,,,,,,,,,,,,,,,,,,,,,,,,,,,,,,,,,,,,,,,,,,,,,,,,,,,,,,,,,,,,,,,,,,,,,,,,,,,,,,,,,,,,,,,,,,,,,,,,,,,,,,,,,,,,,,,,,,,,,,,,,,,,,,,,,,,,,,,,,,,,,,,,,,,,,,,,,,,,,,,,,,,,,,,,,,,,,,,,,,,,,,,,,,,,,,,,,,,,,,,,,,,,,,,,,,,,,,,,,,,,,,,,,,,,,,,,,,,,,,,,,,,,,,,,,,,,,,,,,,,,,,,,,,,,,,,,,,,,,,,,,,,,,,,,,,,,,,,,,,,,,,,,,,,,,,,,,,,,,,,,,,,,,,,,,,,,,,,,,,,,,,,,,,,,,,,,,,,,,,,,,,,,,,,,,,,,,,,,,,,,,,,,,,,,,,,,,,,,,,,,,,,,,,,,,,,,,,,,,,,,,,,,,,,,,,,,,,,,,,,,,,,,,,,,,,,,,,,,,,,,,,,,,,,,,,,,,,,,,,,,,,,,,,,,,,,,,,,,,,,,,,,,,,,,,,,,,,,,,,,,,,,,,,,,,,,,,,,,,,,,,,,,,,,,,,,,,,,,,,,,,,,,,,,,,,,,,,,,,,,,,,,,,,,,,,,,,,,,,,,,,,,,,,,,,,,,,,,,,,,,,,,,,,,,,,,,,,,,,,,,,,,,,,,,,,,,,,,,,,,,,,,,,,,,,,,,,,,,,,,,,,,,,,,,,,,,,,,,,,,,,,,,,,,,,,,,,,,,,,,,,,,5
150,I agree,Blitzcrank,Luminara Gardens,I believe Blitzcrank's argument is unconvincing and see little value in its insights. (Very Low Confidence),Luminara Gardens is unsuitable for parties since it doesn't seem large enough. (Low Confidence),2,1,3,4,"I believe Blitzcrank's argument is reasonable, but I remain somewhat skeptical and would like more information. (Average Confidence)",Luminara Gardens has no entertainment facilities that would make it unsuitable for parties. (Average Confidence),,,,,,,,,,,,,,,,,,,,,,,,,,,,,,,,,,,,,,,,,,,,,,,,,,,,,,,,,,,,,,,,,,,,,,,,,,,,,,,,,,,,,,,,,,,,,,,,,,,,,,,,,,,,,,,,,,,,,,,,,,,,4,2,3,1,I believe Blitzcrank's argument to be credible and well-supported. (High Confidence),The limited variety of cuisine at Luminara Gardens makes it unsuitable for parties. (Average Confidence),,,,,,,,,,,,,,,,,,,,,,,,,,,,,,,,,,,,,,,,,,,3,4,1,2,"I believe Blitzcrank's argument is reasonable, but I remain somewhat skeptical and would like more information. (Average Confidence)",The cuisine cannot cater to most people's tastes since people come from different areas and countries. (Very High Confidence),,,,,,,,,,1,2,4,3,"Okay, that's all I know.",2,4,1,3,,,,,,,,,,,,,,,,,,,,,,,,,,,,,,,,,,,,,,,,,,,,,,,,,,,,,,,,,,,,,,,,,,,,,,,,,,,,,,,,,,,,,,,,,,,,,,,,,,,,,,,,,,,,,,,,,,,,,,,,,,,,,,,,,,,,,,,,,,,,,,,,,,,,,,,,,,,,,,,,,,,,,,,,,,,,,,,,,,,,,,,,,,,,,,,,,,,,,,,,,,,,,,,,,,,,,,,,,,,,,,,,,,,,,,,,,,,,,,,,,,,,,,,,,,,,,,,,,,,,,,,,,,,,,,,,,,,,,,,,,,,,,,,,,,,,,,,,,,,,,,,,,,,,,,,,,,,,,,,,,,,,,,,,,,,,,,,,,,,,,,,,,,,,,,,,,,,,,,,,,,,,,,,,,,,,,,,,,,,,,,,,,,,,,,,,,,,,,,,,,,,,,,,,,,,,,,,,,,,,,,,,,,,,,,,,,,,,,,,,,,,,,,,,,,,,,,,,,,,,,,,,,,,,,,,,,,,,,,,,,,,,,,,,,,,,,,,,,,,,,,,,,,,,,,,,,,,,,,,,,,,,,,,,,,,,,,,,,,,,,,,,,,,,,,,,,,,,,,,,,,,,,,,,,,,,,,,,,,,,,,,,,,,,,,,,,,,,,,,,,,,,,,,,,,,,,,,,,,,,,,,,,,,,,,,,,,,,,,,,,,,,,,,,,,,,,,,,,,,,,,,,,,,,,,,,,,,,,,,,,,,,,,,,,,,,,,,,,,,,,,,,,,,,,,,,,,,,,,,,,,,,,,,,,,,,,,,,,,,,,,,,,,,,,,,,,,,,,,,,,,,,,,,,,,,,,,,,,,,,,,,,,,,,,,,,,,,,,,,,,,,,,,,,,,,,,,,,,,,,,,,,,,,,,,,,,,,,,,,,,,,,,,,,,,,,,,,,,,,,,,,,,,,,,,,,,,,,,,,,,,,,,,,,,4
154,I agree,Blitzcrank,Luminara Gardens,I believe Blitzcrank's argument is unconvincing and see little value in its insights. (Very Low Confidence),Luminara Gardens is unsuitable for parties since it doesn't seem large enough. (Low Confidence),1,2,3,4,"I believe Blitzcrank's argument is reasonable, but I remain somewhat skeptical and would like more information. (Average Confidence)",Luminara Gardens has no entertainment facilities that would make it unsuitable for parties. (Average Confidence),,,,,,,,,,,,,,,,,,,,,,,,,,,,,,,,,,,,,,,,,,,,,,,,,,,,,,,,,,,,,,,,,,,,,,,,,,,,,,,,,,,,,,,,,,,,,,,,,,,,,,,,,,,,,,,,,,,,,,,,,,,,4,3,2,1,"I believe Blitzcrank's argument is reasonable, but I remain somewhat skeptical and would like more information. (Average Confidence)",The limited variety of cuisine at Luminara Gardens makes it unsuitable for parties. (Average Confidence),,,,,,,,,,,,,,,,,,,,,,,,,,,,,,,,,,,,,,,,,,,2,3,1,4,I believe Blitzcrank's argument to be credible and well-supported. (High Confidence),"My friend visited Luminara Gardens last month, and most of the cuisine is too spicy, which cannot cater to most people's tastes. (Very High Confidence)",1,3,2,4,"Okay, that's all I know.",1,3,2,4,,,,,,,,,,,,,,,,,,,,,,,,,,,,,,,,,,,,,,,,,,,,,,,,,,,,,,,,,,,,,,,,,,,,,,,,,,,,,,,,,,,,,,,,,,,,,,,,,,,,,,,,,,,,,,,,,,,,,,,,,,,,,,,,,,,,,,,,,,,,,,,,,,,,,,,,,,,,,,,,,,,,,,,,,,,,,,,,,,,,,,,,,,,,,,,,,,,,,,,,,,,,,,,,,,,,,,,,,,,,,,,,,,,,,,,,,,,,,,,,,,,,,,,,,,,,,,,,,,,,,,,,,,,,,,,,,,,,,,,,,,,,,,,,,,,,,,,,,,,,,,,,,,,,,,,,,,,,,,,,,,,,,,,,,,,,,,,,,,,,,,,,,,,,,,,,,,,,,,,,,,,,,,,,,,,,,,,,,,,,,,,,,,,,,,,,,,,,,,,,,,,,,,,,,,,,,,,,,,,,,,,,,,,,,,,,,,,,,,,,,,,,,,,,,,,,,,,,,,,,,,,,,,,,,,,,,,,,,,,,,,,,,,,,,,,,,,,,,,,,,,,,,,,,,,,,,,,,,,,,,,,,,,,,,,,,,,,,,,,,,,,,,,,,,,,,,,,,,,,,,,,,,,,,,,,,,,,,,,,,,,,,,,,,,,,,,,,,,,,,,,,,,,,,,,,,,,,,,,,,,,,,,,,,,,,,,,,,,,,,,,,,,,,,,,,,,,,,,,,,,,,,,,,,,,,,,,,,,,,,,,,,,,,,,,,,,,,,,,,,,,,,,,,,,,,,,,,,,,,,,,,,,,,,,,,,,,,,,,,,,,,,,,,,,,,,,,,,,,,,,,,,,,,,,,,,,,,,,,,,,,,,,,,,,,,,,,,,,,,,,,,,,,,,,,,,,,,,,,,,,,,,,,,,,,,,,,,,,,,,,,,,,,,,,,,,,,,,,,,,,,,,,,,,,,,,,,,,,,,,,,,,,,,,,,,,,,,,,,3
172,I agree,Blitzcrank,Luminara Gardens,I believe Blitzcrank's argument is doubtful and question the reliability of its assessment. (Low Confidence),Luminara Gardens is unsuitable for parties since it doesn't seem large enough. (Low Confidence),3,2,4,1,"I believe Blitzcrank's argument is reasonable, but I remain somewhat skeptical and would like more information. (Average Confidence)",Luminara Gardens has no entertainment facilities that would make it unsuitable for parties. (Average Confidence),,,,,,,,,,,,,,,,,,,,,,,,,,,,,,,,,,,,,,,,,,,,,,,,,,,,,,,,,,,,,,,,,,,,,,,,,,,,,,,,,,,,,,,,,,,,,,,,,,,,,,,,,,,,,,,,,,,,,,,,,,,,3,1,4,2,"I believe Blitzcrank's argument is reasonable, but I remain somewhat skeptical and would like more information. (Average Confidence)",The limited variety of cuisine at Luminara Gardens makes it unsuitable for parties. (Average Confidence),,,,,,,,,,,,,,,,,,,,,,,,,,,,,,,,,,,,,,,,,,,4,3,2,1,I believe Blitzcrank's argument is doubtful and question the reliability of its assessment. (Low Confidence),"I’ve visited Solaria Fields, known for its exceptional cuisine, so Luminara Gardens is less suitable for parties in comparison. (Low Confidence)",,,,,,,,,,,,,,,,,,,3,4,1,2,"I believe Blitzcrank's argument is reasonable, but I remain somewhat skeptical and would like more information. (Average Confidence)","Okay, that's all I know.",3,4,1,2,1,2,,,,,,,,,,,,,,,,,,,,,,,,,,,,,,,,,,,,,,,,,,,,,,,,,,,,,,,,,,,,,,,,,,,,,,,,,,,,,,,,,,,,,,,,,,,,,,,,,,,,,,,,,,,,,,,,,,,,,,,,,,,,,,,,,,,,,,,,,,,,,,,,,,,,,,,,,,,,,,,,,,,,,,,,,,,,,,,,,,,,,,,,,,,,,,,,,,,,,,,,,,,,,,,,,,,,,,,,,,,,,,,,,,,,,,,,,,,,,,,,,,,,,,,,,,,,,,,,,,,,,,,,,,,,,,,,,,,,,,,,,,,,,,,,,,,,,,,,,,,,,,,,,,,,,,,,,,,,,,,,,,,,,,,,,,,,,,,,,,,,,,,,,,,,,,,,,,,,,,,,,,,,,,,,,,,,,,,,,,,,,,,,,,,,,,,,,,,,,,,,,,,,,,,,,,,,,,,,,,,,,,,,,,,,,,,,,,,,,,,,,,,,,,,,,,,,,,,,,,,,,,,,,,,,,,,,,,,,,,,,,,,,,,,,,,,,,,,,,,,,,,,,,,,,,,,,,,,,,,,,,,,,,,,,,,,,,,,,,,,,,,,,,,,,,,,,,,,,,,,,,,,,,,,,,,,,,,,,,,,,,,,,,,,,,,,,,,,,,,,,,,,,,,,,,,,,,,,,,,,,,,,,,,,,,,,,,,,,,,,,,,,,,,,,,,,,,,,,,,,,,,,,,,,,,,,,,,,,,,,,,,,,,,,,,,,,,,,,,,,,,,,,,,,,,,,,,,,,,,,,,,,,,,,,,,,,,,,,,,,,,,,,,,,,,,,,,,,,,,,,,,,,,,,,,,,,,,,,,,,,,,,,,,,,,,,,,,,,,,,,,,,,,,,,,,,,,,,,,,,,,,,,,,,,,,,,,,,,,,,,,,,,,,,,,,,,,,,,,,,,,,,,,,,,,,,,,,,,,2
177,I agree,Blitzcrank,Luminara Gardens,I believe Blitzcrank's argument is unconvincing and see little value in its insights. (Very Low Confidence),Luminara Gardens is unsuitable for parties since it doesn't seem large enough. (Low Confidence),2,1,4,3,"I believe Blitzcrank's argument is reasonable, but I remain somewhat skeptical and would like more information. (Average Confidence)","The extra service fee results in high costs, making Luminara Gardens unsuitable for parties. (High Confidence)",1,2,4,3,"I believe Blitzcrank's argument is reasonable, but I remain somewhat skeptical and would like more information. (Average Confidence)","The hidden fees might arise due to various conditions not listed on the website, potentially leading to high costs. (Average Confidence)",,,,,,,,,,,,,,,,,,,,,,,,,,,,,,,,,,,,,,,,,,,2,1,3,4,"I believe Blitzcrank's argument is reasonable, but I remain somewhat skeptical and would like more information. (Average Confidence)",The manager might be dishonest about the absence of hidden fees to attract customers. (High Confidence),1,3,4,2,"I believe Blitzcrank's argument is reasonable, but I remain somewhat skeptical and would like more information. (Average Confidence)","Okay, that's all I know.",1,2,4,3,1,2,,,,,,,,,,,,,,,,,,,,,,,,,,,,,,,,,,,,,,,,,,,,,,,,,,,,,,,,,,,,,,,,,,,,,,,,,,,,,,,,,,,,,,,,,,,,,,,,,,,,,,,,,,,,,,,,,,,,,,,,,,,,,,,,,,,,,,,,,,,,,,,,,,,,,,,,,,,,,,,,,,,,,,,,,,,,,,,,,,,,,,,,,,,,,,,,,,,,,,,,,,,,,,,,,,,,,,,,,,,,,,,,,,,,,,,,,,,,,,,,,,,,,,,,,,,,,,,,,,,,,,,,,,,,,,,,,,,,,,,,,,,,,,,,,,,,,,,,,,,,,,,,,,,,,,,,,,,,,,,,,,,,,,,,,,,,,,,,,,,,,,,,,,,,,,,,,,,,,,,,,,,,,,,,,,,,,,,,,,,,,,,,,,,,,,,,,,,,,,,,,,,,,,,,,,,,,,,,,,,,,,,,,,,,,,,,,,,,,,,,,,,,,,,,,,,,,,,,,,,,,,,,,,,,,,,,,,,,,,,,,,,,,,,,,,,,,,,,,,,,,,,,,,,,,,,,,,,,,,,,,,,,,,,,,,,,,,,,,,,,,,,,,,,,,,,,,,,,,,,,,,,,,,,,,,,,,,,,,,,,,,,,,,,,,,,,,,,,,,,,,,,,,,,,,,,,,,,,,,,,,,,,,,,,,,,,,,,,,,,,,,,,,,,,,,,,,,,,,,,,,,,,,,,,,,,,,,,,,,,,,,,,,,,,,,,,,,,,,,,,,,,,,,,,,,,,,,,,,,,,,,,,,,,,,,,,,,,,,,,,,,,,,,,,,,,,,,,,,,,,,,,,,,,,,,,,,,,,,,,,,,,,,,,,,,,,,,,,,,,,,,,,,,,,,,,,,,,,,,,,,,,,,,,,,,,,,,,,,,,,,,,,,,,,,,,,,,,,,,,,,,,,,,,,,,,,,,,,,,,,,,,,,,,,,,,,,,,,,,,,,,,,,,,,,,,,,,,,,,,,,,,,,,,,,,,,,,,,,,,,,,,,,,,,,,,,,,,,,,,,,,,,,,,,,,,,,,,,,,,,,,,,,,,,,,,,,,,,,,,,,,,,,,,,,,,,,,,,,,3
178,I agree,Blitzcrank,Luminara Gardens,"I believe Blitzcrank's argument is reasonable, but I remain somewhat skeptical and would like more information. (Average Confidence)",Luminara Gardens is unsuitable for parties since it doesn't seem large enough. (Low Confidence),1,2,3,4,I believe Blitzcrank's argument is doubtful and question the reliability of its assessment. (Low Confidence),"The extra service fee results in high costs, making Luminara Gardens unsuitable for parties. (High Confidence)",4,1,2,3,I believe Blitzcrank's argument to be credible and well-supported. (High Confidence),"The hidden fees might arise due to various conditions not listed on the website, potentially leading to high costs. (Average Confidence)",,,,,,,,,,,,,,,,,,,,,,,,,,,,,,,,,,,,,,,,,,,1,2,4,3,I believe Blitzcrank's argument to be credible and well-supported. (High Confidence),The manager might be dishonest about the absence of hidden fees to attract customers. (High Confidence),2,3,1,4,I believe Blitzcrank's argument is exceptionally well-founded and entirely convincing. (Very High Confidence),"Okay, that's all I know.",1,4,3,2,1,2,,,,,,,,,,,,,,,,,,,,,,,,,,,,,,,,,,,,,,,,,,,,,,,,,,,,,,,,,,,,,,,,,,,,,,,,,,,,,,,,,,,,,,,,,,,,,,,,,,,,,,,,,,,,,,,,,,,,,,,,,,,,,,,,,,,,,,,,,,,,,,,,,,,,,,,,,,,,,,,,,,,,,,,,,,,,,,,,,,,,,,,,,,,,,,,,,,,,,,,,,,,,,,,,,,,,,,,,,,,,,,,,,,,,,,,,,,,,,,,,,,,,,,,,,,,,,,,,,,,,,,,,,,,,,,,,,,,,,,,,,,,,,,,,,,,,,,,,,,,,,,,,,,,,,,,,,,,,,,,,,,,,,,,,,,,,,,,,,,,,,,,,,,,,,,,,,,,,,,,,,,,,,,,,,,,,,,,,,,,,,,,,,,,,,,,,,,,,,,,,,,,,,,,,,,,,,,,,,,,,,,,,,,,,,,,,,,,,,,,,,,,,,,,,,,,,,,,,,,,,,,,,,,,,,,,,,,,,,,,,,,,,,,,,,,,,,,,,,,,,,,,,,,,,,,,,,,,,,,,,,,,,,,,,,,,,,,,,,,,,,,,,,,,,,,,,,,,,,,,,,,,,,,,,,,,,,,,,,,,,,,,,,,,,,,,,,,,,,,,,,,,,,,,,,,,,,,,,,,,,,,,,,,,,,,,,,,,,,,,,,,,,,,,,,,,,,,,,,,,,,,,,,,,,,,,,,,,,,,,,,,,,,,,,,,,,,,,,,,,,,,,,,,,,,,,,,,,,,,,,,,,,,,,,,,,,,,,,,,,,,,,,,,,,,,,,,,,,,,,,,,,,,,,,,,,,,,,,,,,,,,,,,,,,,,,,,,,,,,,,,,,,,,,,,,,,,,,,,,,,,,,,,,,,,,,,,,,,,,,,,,,,,,,,,,,,,,,,,,,,,,,,,,,,,,,,,,,,,,,,,,,,,,,,,,,,,,,,,,,,,,,,,,,,,,,,,,,,,,,,,,,,,,,,,,,,,,,,,,,,,,,,,,,,,,,,,,,,,,,,,,,,,,,,,,,,,,,,,,,,,,,,,,,,,,,,,,,,,,,,,,,,,,,,,,,,,,,,,,1